customer_id,log_id,timestamp,url,purchase_amount
328,0,2025-01-21T06:24:00,/home,48.98
72,1,2025-05-15T01:41:00,/home,0
457,2,2025-04-10T06:44:00,/home,0
17,3,2025-01-06T10:11:00,/home,0
259,4,2025-04-20T14:15:00,/home,0
367,5,2025-04-29T07:23:00,/checkout,0
230,6,2025-04-18T06:32:00,/product/2,1.3
413,7,2025-01-30T01:33:00,/cart,0
80,8,2025-02-09T04:43:00,/product/2,0
195,9,2025-01-18T14:33:00,/product/2,120.75
414,10,2025-01-08T21:50:00,/cart,0
499,11,2025-03-10T21:50:00,/home,0
425,12,2025-04-25T10:34:00,/checkout,72.33
99,13,2025-05-09T06:19:00,/home,0
117,14,2025-02-22T16:21:00,/home,173.3
195,15,2025-02-20T14:29:00,/cart,0
187,16,2025-01-30T14:38:00,/product/2,0
344,17,2025-02-18T14:26:00,/home,0
88,18,2025-04-08T05:41:00,/product/1,0
195,19,2025-02-19T03:25:00,/checkout,0
167,20,2025-01-11T04:23:00,/product/1,161.01
206,21,2025-02-18T17:46:00,/home,0
483,22,2025-04-14T06:02:00,/product/2,0
256,23,2025-03-14T00:32:00,/cart,0
72,24,2025-02-14T21:31:00,/checkout,0
383,25,2025-04-17T10:05:00,/cart,79.88
113,26,2025-01-26T04:22:00,/checkout,0
387,27,2025-01-09T13:51:00,/home,0
82,28,2025-05-04T21:04:00,/cart,0
198,29,2025-03-11T11:19:00,/checkout,105.82
498,30,2025-04-11T17:04:00,/home,0
59,31,2025-05-05T02:26:00,/checkout,153.72
175,32,2025-01-21T07:22:00,/product/2,0
233,33,2025-01-01T14:10:00,/product/2,152.39
260,34,2025-01-20T08:54:00,/product/2,101.53
102,35,2025-01-28T19:45:00,/product/2,107.88
399,36,2025-04-07T13:09:00,/home,0
251,37,2025-01-04T13:05:00,/home,175.74
426,38,2025-02-25T23:32:00,/product/1,0
450,39,2025-04-14T06:49:00,/home,0
249,40,2025-01-13T14:23:00,/checkout,25.68
244,41,2025-04-11T02:07:00,/product/1,0
447,42,2025-04-21T10:14:00,/cart,185.78
387,43,2025-05-13T21:07:00,/product/1,79.8
344,44,2025-04-29T07:21:00,/product/2,0
265,45,2025-03-24T04:34:00,/home,0
33,46,2025-03-03T13:07:00,/home,0
118,47,2025-04-18T02:56:00,/product/1,0
363,48,2025-04-25T21:19:00,/home,0
464,49,2025-01-06T17:14:00,/product/2,0
122,50,2025-02-20T16:41:00,/cart,0
68,51,2025-05-12T16:22:00,/checkout,0
125,52,2025-03-28T02:27:00,/cart,0
50,53,2025-04-30T23:08:00,/cart,0
211,54,2025-03-27T00:27:00,/home,0
331,55,2025-01-18T21:59:00,/home,0
174,56,2025-01-20T21:24:00,/product/1,0
275,57,2025-03-23T16:01:00,/product/1,0
143,58,2025-03-26T05:15:00,/product/1,15.08
414,59,2025-04-11T04:24:00,/home,0
277,60,2025-01-03T16:28:00,/home,169.74
86,61,2025-03-15T23:39:00,/cart,0
443,62,2025-03-15T00:10:00,/home,0
2,63,2025-03-13T01:46:00,/product/2,157.03
147,64,2025-03-19T00:08:00,/checkout,0
250,65,2025-01-29T04:19:00,/product/1,0
496,66,2025-01-11T15:31:00,/checkout,12.19
161,67,2025-01-11T09:45:00,/home,0
258,68,2025-04-07T16:31:00,/product/1,0
261,69,2025-01-15T14:00:00,/product/1,0
35,70,2025-05-03T22:02:00,/product/1,0
483,71,2025-04-14T16:56:00,/product/1,0
21,72,2025-04-23T18:07:00,/home,0
299,73,2025-04-13T21:30:00,/checkout,0
134,74,2025-02-07T04:25:00,/product/2,0
203,75,2025-01-24T19:48:00,/product/2,0
476,76,2025-05-17T20:56:00,/home,0
319,77,2025-04-13T11:45:00,/home,0
110,78,2025-04-03T02:14:00,/product/2,0
179,79,2025-01-13T12:33:00,/product/1,0
81,80,2025-03-21T18:27:00,/checkout,122.34
414,81,2025-04-30T01:15:00,/checkout,0
419,82,2025-04-11T23:05:00,/product/2,20.72
450,83,2025-01-25T10:43:00,/product/2,0
55,84,2025-05-16T03:40:00,/checkout,0
145,85,2025-04-21T02:32:00,/product/1,40.72
325,86,2025-02-18T01:21:00,/checkout,0
464,87,2025-01-10T05:56:00,/home,0
425,88,2025-02-20T08:50:00,/home,0
395,89,2025-01-24T19:33:00,/product/2,0
227,90,2025-04-11T10:19:00,/cart,0
58,91,2025-01-14T16:44:00,/product/1,0
428,92,2025-03-09T05:07:00,/checkout,0
221,93,2025-01-24T04:49:00,/home,0
461,94,2025-01-08T06:18:00,/product/2,0
128,95,2025-05-02T09:52:00,/home,0
287,96,2025-03-15T23:29:00,/checkout,185.15
122,97,2025-01-30T13:58:00,/product/1,4.96
378,98,2025-03-02T11:20:00,/cart,172.81
416,99,2025-02-15T04:15:00,/product/2,0
360,100,2025-01-20T16:16:00,/cart,171.72
114,101,2025-02-06T07:56:00,/cart,0
421,102,2025-02-11T10:22:00,/product/1,0
99,103,2025-03-14T12:55:00,/product/2,0
36,104,2025-02-20T19:30:00,/product/2,0
205,105,2025-05-04T16:51:00,/checkout,0
15,106,2025-01-21T23:56:00,/product/2,0
493,107,2025-02-18T07:50:00,/home,0
223,108,2025-03-04T22:19:00,/product/2,0
262,109,2025-01-22T01:15:00,/cart,38.02
23,110,2025-05-10T00:43:00,/cart,0
474,111,2025-04-09T00:31:00,/product/1,0
36,112,2025-05-01T22:05:00,/product/2,0
340,113,2025-01-23T16:29:00,/product/2,0
342,114,2025-03-16T08:17:00,/product/2,0
152,115,2025-04-11T22:15:00,/product/1,0
341,116,2025-03-11T00:30:00,/product/1,0
155,117,2025-03-15T22:10:00,/checkout,60.77
108,118,2025-03-20T06:12:00,/checkout,0
165,119,2025-03-26T15:33:00,/cart,0
110,120,2025-04-04T01:21:00,/cart,191.97
377,121,2025-01-31T21:23:00,/home,0
340,122,2025-04-26T05:21:00,/checkout,0
420,123,2025-05-17T17:46:00,/product/1,0
116,124,2025-02-06T06:00:00,/product/1,0
126,125,2025-03-28T11:54:00,/checkout,14.57
213,126,2025-04-25T15:29:00,/checkout,0
357,127,2025-03-11T21:37:00,/cart,0
76,128,2025-04-30T10:21:00,/home,172.09
454,129,2025-01-20T09:41:00,/cart,0
412,130,2025-05-07T16:29:00,/checkout,0
286,131,2025-02-15T08:45:00,/home,0
411,132,2025-03-26T14:03:00,/checkout,119.09
487,133,2025-05-18T11:44:00,/cart,0
369,134,2025-04-02T21:24:00,/cart,109.57
460,135,2025-01-29T23:22:00,/cart,0
385,136,2025-02-15T00:12:00,/product/2,104.26
321,137,2025-02-13T13:16:00,/product/2,0
366,138,2025-02-22T00:21:00,/product/1,0
164,139,2025-04-09T07:57:00,/home,0
119,140,2025-03-11T17:30:00,/product/1,12.85
209,141,2025-03-02T05:38:00,/checkout,0
32,142,2025-02-07T15:40:00,/cart,0
395,143,2025-04-17T07:52:00,/home,153.12
195,144,2025-03-28T19:57:00,/home,59.72
200,145,2025-03-18T06:43:00,/checkout,109.23
309,146,2025-02-10T03:32:00,/cart,0
224,147,2025-03-30T09:48:00,/home,0
343,148,2025-05-04T15:12:00,/cart,168.1
471,149,2025-01-24T05:36:00,/checkout,0
465,150,2025-03-13T17:30:00,/checkout,0
14,151,2025-01-16T06:46:00,/cart,0
237,152,2025-02-03T01:59:00,/home,0
168,153,2025-02-08T12:45:00,/cart,0
390,154,2025-03-11T00:25:00,/product/2,166.38
130,155,2025-01-15T21:51:00,/cart,0
277,156,2025-01-10T11:33:00,/product/2,0
36,157,2025-04-29T15:33:00,/home,189.92
103,158,2025-01-04T17:02:00,/checkout,0
65,159,2025-03-28T05:01:00,/home,0
112,160,2025-03-26T15:45:00,/product/2,33.56
311,161,2025-05-17T03:44:00,/home,32.75
160,162,2025-01-20T16:17:00,/checkout,0
160,163,2025-04-15T19:41:00,/cart,0
367,164,2025-02-06T02:30:00,/home,0
426,165,2025-04-25T04:27:00,/product/1,0
396,166,2025-02-24T21:38:00,/checkout,159.25
290,167,2025-01-08T11:26:00,/product/2,0
339,168,2025-03-09T11:02:00,/home,0
175,169,2025-01-03T07:16:00,/cart,21.11
492,170,2025-03-07T22:25:00,/cart,87.1
376,171,2025-04-05T23:32:00,/product/2,0
471,172,2025-04-08T23:18:00,/cart,0
423,173,2025-05-14T01:54:00,/checkout,0
437,174,2025-02-14T16:35:00,/home,0
231,175,2025-02-14T09:27:00,/cart,0
343,176,2025-03-10T23:49:00,/product/2,0
436,177,2025-03-01T04:00:00,/product/1,0
182,178,2025-02-17T00:45:00,/product/2,0
306,179,2025-05-08T15:31:00,/product/2,0
265,180,2025-02-04T18:44:00,/home,0
209,181,2025-03-30T22:37:00,/checkout,138.12
331,182,2025-05-10T14:05:00,/cart,0
9,183,2025-01-17T22:33:00,/product/2,0
355,184,2025-02-14T07:00:00,/product/2,0
189,185,2025-03-28T03:42:00,/checkout,0
218,186,2025-05-16T19:02:00,/checkout,0
360,187,2025-03-24T14:26:00,/product/2,0
119,188,2025-01-22T23:09:00,/product/1,0
381,189,2025-04-08T13:13:00,/product/1,0
379,190,2025-03-30T03:29:00,/product/2,195.32
269,191,2025-04-19T15:25:00,/product/2,166.53
152,192,2025-02-11T09:53:00,/product/2,0
8,193,2025-05-09T21:22:00,/checkout,0
24,194,2025-01-10T22:13:00,/checkout,0
484,195,2025-01-23T23:43:00,/cart,0
7,196,2025-04-15T12:07:00,/product/2,0
226,197,2025-03-04T00:34:00,/product/1,50.5
442,198,2025-03-28T23:13:00,/home,80.14
38,199,2025-04-16T01:02:00,/home,0
416,200,2025-04-13T11:05:00,/product/2,0
128,201,2025-01-22T13:31:00,/checkout,121.26
405,202,2025-04-23T13:54:00,/product/1,76.08
466,203,2025-03-22T14:16:00,/product/2,198.01
157,204,2025-04-14T12:22:00,/checkout,0
492,205,2025-05-15T17:29:00,/home,41.56
109,206,2025-02-18T04:15:00,/home,0
89,207,2025-04-11T11:41:00,/home,0
210,208,2025-03-24T00:16:00,/checkout,0
17,209,2025-02-12T03:20:00,/product/2,140.6
233,210,2025-01-13T22:59:00,/product/1,157.57
321,211,2025-04-18T08:49:00,/product/1,0
279,212,2025-02-10T22:12:00,/product/1,165.33
37,213,2025-01-11T20:33:00,/product/1,119.01
423,214,2025-04-14T14:54:00,/product/2,0
240,215,2025-05-06T08:52:00,/product/2,0
483,216,2025-02-19T13:27:00,/checkout,0
225,217,2025-01-15T15:27:00,/checkout,0
222,218,2025-05-14T17:13:00,/product/2,0
14,219,2025-01-17T15:00:00,/product/1,167.19
295,220,2025-04-17T21:10:00,/home,134.46
138,221,2025-04-15T21:39:00,/home,35.04
266,222,2025-04-29T14:29:00,/cart,36.3
300,223,2025-03-21T08:24:00,/cart,94.0
210,224,2025-03-02T16:14:00,/product/2,0
440,225,2025-01-30T06:39:00,/product/2,0
254,226,2025-02-22T11:14:00,/cart,110.02
233,227,2025-01-17T00:44:00,/product/2,0
60,228,2025-03-15T13:52:00,/checkout,0.23
446,229,2025-04-09T18:37:00,/cart,0
97,230,2025-04-05T09:05:00,/product/2,0
256,231,2025-04-24T20:27:00,/cart,40.71
282,232,2025-01-24T20:24:00,/product/2,0
358,233,2025-03-30T05:44:00,/home,0
323,234,2025-04-21T20:12:00,/product/1,62.15
8,235,2025-04-11T12:49:00,/cart,0
431,236,2025-01-21T15:43:00,/cart,129.54
79,237,2025-04-01T17:26:00,/product/2,0
140,238,2025-03-17T15:18:00,/cart,48.75
283,239,2025-01-27T07:57:00,/cart,0
307,240,2025-04-03T12:32:00,/product/1,55.25
405,241,2025-03-17T12:54:00,/product/2,101.55
421,242,2025-01-01T11:12:00,/product/2,167.5
297,243,2025-05-01T03:19:00,/cart,89.31
248,244,2025-03-04T19:52:00,/product/2,0
279,245,2025-03-10T16:03:00,/cart,173.92
358,246,2025-02-13T11:21:00,/checkout,0
439,247,2025-03-16T18:42:00,/home,0
243,248,2025-05-09T09:11:00,/cart,0
340,249,2025-04-29T16:42:00,/product/1,0
19,250,2025-01-23T23:34:00,/checkout,66.4
52,251,2025-03-22T03:43:00,/home,0
234,252,2025-01-03T19:03:00,/product/1,0
336,253,2025-01-29T02:24:00,/home,0
497,254,2025-02-18T05:54:00,/product/2,0
204,255,2025-04-29T07:10:00,/home,170.47
440,256,2025-04-08T03:25:00,/cart,125.36
455,257,2025-05-19T05:52:00,/cart,7.18
36,258,2025-02-12T17:43:00,/product/2,149.35
223,259,2025-01-18T22:06:00,/home,0
356,260,2025-02-24T12:23:00,/home,0
408,261,2025-01-11T05:11:00,/product/2,0
221,262,2025-01-27T12:00:00,/product/1,0
290,263,2025-05-05T02:49:00,/product/1,0
41,264,2025-04-21T22:54:00,/cart,0
124,265,2025-04-01T14:20:00,/checkout,0
237,266,2025-04-27T03:02:00,/product/2,0
342,267,2025-01-02T17:03:00,/cart,135.52
81,268,2025-01-14T10:42:00,/cart,197.53
154,269,2025-04-27T07:33:00,/cart,0
234,270,2025-02-24T23:59:00,/product/1,170.67
55,271,2025-02-13T04:22:00,/cart,0
295,272,2025-02-23T20:41:00,/product/2,0
425,273,2025-04-30T19:50:00,/cart,0
290,274,2025-05-05T20:18:00,/home,149.03
427,275,2025-02-22T02:24:00,/product/1,0
181,276,2025-02-09T20:50:00,/product/1,0
348,277,2025-05-18T13:10:00,/product/1,0
463,278,2025-04-25T05:24:00,/home,0
226,279,2025-01-07T01:46:00,/checkout,0
68,280,2025-01-17T09:47:00,/product/2,0
213,281,2025-02-01T23:22:00,/product/1,0
277,282,2025-03-08T14:27:00,/checkout,0
140,283,2025-01-30T22:54:00,/product/2,188.84
496,284,2025-02-23T17:29:00,/product/2,93.67
39,285,2025-01-26T14:58:00,/product/1,144.84
204,286,2025-04-12T10:56:00,/product/2,0
203,287,2025-01-03T12:48:00,/product/2,0
233,288,2025-03-09T02:22:00,/product/2,0
422,289,2025-04-27T05:51:00,/product/2,0
120,290,2025-03-27T19:54:00,/home,0
483,291,2025-04-13T04:49:00,/product/2,44.27
33,292,2025-04-26T16:07:00,/cart,60.44
210,293,2025-01-22T05:45:00,/product/1,0
20,294,2025-02-25T09:47:00,/cart,0
121,295,2025-04-08T20:34:00,/product/1,0
190,296,2025-05-03T01:23:00,/checkout,0
381,297,2025-05-13T06:33:00,/product/1,130.98
427,298,2025-03-31T01:59:00,/checkout,0
488,299,2025-02-20T22:12:00,/home,0
112,300,2025-03-22T17:10:00,/cart,171.09
51,301,2025-05-05T19:46:00,/product/2,0
331,302,2025-03-07T07:04:00,/home,0
98,303,2025-01-23T05:43:00,/cart,0
109,304,2025-04-27T19:38:00,/checkout,10.12
171,305,2025-02-14T08:10:00,/product/1,41.04
425,306,2025-04-11T21:22:00,/product/1,0
417,307,2025-02-12T09:59:00,/product/2,157.73
306,308,2025-01-01T12:23:00,/product/2,28.94
67,309,2025-04-09T08:14:00,/product/2,21.99
444,310,2025-01-05T16:38:00,/product/1,0
405,311,2025-02-13T07:32:00,/checkout,0
90,312,2025-02-18T07:24:00,/home,0
216,313,2025-04-06T18:30:00,/home,95.25
399,314,2025-03-07T21:46:00,/checkout,0
232,315,2025-04-02T17:18:00,/product/1,8.67
402,316,2025-04-30T22:47:00,/checkout,0
330,317,2025-01-06T16:05:00,/home,169.46
219,318,2025-05-05T21:36:00,/home,0
466,319,2025-03-22T17:57:00,/home,64.42
76,320,2025-01-12T22:58:00,/product/1,0
325,321,2025-04-17T13:29:00,/checkout,76.18
306,322,2025-04-07T14:02:00,/product/2,0
310,323,2025-03-20T07:34:00,/home,22.88
336,324,2025-04-29T11:53:00,/checkout,43.0
232,325,2025-02-11T14:18:00,/cart,0
233,326,2025-03-14T14:04:00,/cart,62.51
161,327,2025-05-02T01:54:00,/product/2,0
79,328,2025-05-06T00:46:00,/cart,0
426,329,2025-01-16T12:57:00,/home,0
382,330,2025-05-15T11:50:00,/product/2,111.27
301,331,2025-04-13T05:36:00,/checkout,0
63,332,2025-03-16T18:51:00,/product/2,188.23
217,333,2025-05-12T06:21:00,/home,120.08
181,334,2025-01-19T20:38:00,/checkout,0
80,335,2025-04-30T13:19:00,/cart,0
56,336,2025-03-05T17:40:00,/checkout,0
391,337,2025-02-20T17:04:00,/checkout,0
220,338,2025-04-13T02:53:00,/checkout,0
330,339,2025-04-12T08:25:00,/home,0
337,340,2025-05-07T05:49:00,/product/2,0
140,341,2025-05-08T22:08:00,/product/2,70.2
93,342,2025-01-27T01:52:00,/checkout,0
36,343,2025-01-26T19:51:00,/home,0
272,344,2025-02-09T03:55:00,/cart,0
175,345,2025-01-29T15:43:00,/product/2,0
167,346,2025-04-14T07:51:00,/checkout,0
27,347,2025-01-29T07:44:00,/product/1,9.95
42,348,2025-02-19T12:50:00,/cart,0
249,349,2025-04-21T12:21:00,/cart,0
111,350,2025-05-18T10:23:00,/checkout,0
221,351,2025-01-21T04:29:00,/product/2,0
304,352,2025-03-30T14:07:00,/checkout,0
24,353,2025-02-10T03:27:00,/cart,10.96
105,354,2025-02-24T20:55:00,/product/1,152.83
149,355,2025-03-01T17:35:00,/home,0
383,356,2025-03-20T09:33:00,/product/1,0
273,357,2025-05-09T02:23:00,/product/1,0
427,358,2025-05-02T14:44:00,/product/2,0
442,359,2025-05-16T02:01:00,/home,0
236,360,2025-01-15T04:11:00,/product/2,0
294,361,2025-03-15T14:57:00,/cart,0
208,362,2025-01-04T19:07:00,/product/2,0
486,363,2025-04-23T12:37:00,/cart,183.95
46,364,2025-03-21T12:01:00,/home,0
302,365,2025-03-14T21:35:00,/checkout,0
446,366,2025-02-26T11:36:00,/product/2,0
399,367,2025-01-31T14:34:00,/home,0
59,368,2025-04-07T14:14:00,/checkout,0
398,369,2025-03-05T14:26:00,/product/2,163.79
418,370,2025-01-27T21:16:00,/product/1,0
132,371,2025-02-05T21:53:00,/product/1,0
390,372,2025-05-19T04:47:00,/home,0
396,373,2025-04-25T07:33:00,/cart,0
289,374,2025-05-19T07:57:00,/checkout,0
474,375,2025-04-13T18:18:00,/checkout,0
498,376,2025-04-25T04:21:00,/product/2,0
35,377,2025-03-27T08:44:00,/cart,0
408,378,2025-02-20T00:04:00,/checkout,0
260,379,2025-01-14T12:08:00,/product/2,0
20,380,2025-01-11T08:33:00,/product/2,15.35
443,381,2025-01-17T10:30:00,/checkout,0
197,382,2025-03-26T05:37:00,/checkout,0
406,383,2025-05-15T12:23:00,/home,0
415,384,2025-04-15T01:36:00,/product/1,0
244,385,2025-04-02T06:30:00,/product/1,90.1
416,386,2025-03-04T12:30:00,/home,0
89,387,2025-01-08T03:00:00,/product/1,198.2
269,388,2025-04-06T03:55:00,/checkout,0
191,389,2025-02-21T11:58:00,/cart,0
174,390,2025-05-04T14:08:00,/checkout,0
324,391,2025-04-28T20:07:00,/product/2,0
49,392,2025-04-12T13:46:00,/cart,0
371,393,2025-04-30T12:34:00,/checkout,66.67
299,394,2025-05-01T19:21:00,/product/1,62.05
336,395,2025-05-08T03:42:00,/cart,0
363,396,2025-01-16T10:08:00,/product/2,0
330,397,2025-03-01T19:08:00,/product/1,0
425,398,2025-05-15T11:45:00,/checkout,0
344,399,2025-03-19T01:53:00,/checkout,0
186,400,2025-02-26T05:27:00,/product/1,68.35
393,401,2025-03-30T12:33:00,/product/1,0
71,402,2025-01-29T04:57:00,/home,0
404,403,2025-01-19T09:53:00,/checkout,167.02
453,404,2025-04-06T20:27:00,/home,0
449,405,2025-04-23T12:13:00,/product/1,0
79,406,2025-01-30T12:52:00,/product/1,154.22
415,407,2025-01-31T03:15:00,/cart,0
187,408,2025-05-04T03:04:00,/product/1,122.12
386,409,2025-05-17T06:24:00,/cart,0
123,410,2025-02-26T08:05:00,/cart,38.8
348,411,2025-04-14T20:12:00,/cart,0
145,412,2025-03-11T12:25:00,/checkout,0
495,413,2025-01-30T12:02:00,/product/1,27.68
129,414,2025-01-10T11:58:00,/cart,110.91
53,415,2025-05-10T12:09:00,/checkout,57.01
391,416,2025-01-30T04:24:00,/product/2,0
263,417,2025-01-27T19:46:00,/cart,0
467,418,2025-02-10T10:05:00,/cart,186.09
213,419,2025-01-10T16:40:00,/cart,0
121,420,2025-03-12T07:11:00,/home,0
15,421,2025-02-28T00:21:00,/home,129.99
406,422,2025-01-27T14:05:00,/product/1,0
470,423,2025-03-28T00:11:00,/product/1,93.82
316,424,2025-01-01T22:56:00,/home,0
111,425,2025-01-28T05:15:00,/checkout,121.78
217,426,2025-01-21T05:46:00,/product/2,0
63,427,2025-01-09T16:37:00,/product/1,0
407,428,2025-04-24T09:06:00,/cart,0
429,429,2025-04-01T23:47:00,/checkout,0
324,430,2025-04-04T19:42:00,/checkout,0
74,431,2025-02-23T00:35:00,/cart,0
181,432,2025-02-13T19:02:00,/checkout,0
341,433,2025-05-02T15:28:00,/home,0
185,434,2025-01-13T07:41:00,/checkout,0
403,435,2025-04-03T09:50:00,/checkout,0
448,436,2025-03-27T14:03:00,/home,0
192,437,2025-02-16T04:12:00,/home,0
35,438,2025-03-04T18:27:00,/product/1,125.65
396,439,2025-04-16T22:22:00,/product/2,0
181,440,2025-04-10T09:34:00,/product/2,35.02
399,441,2025-05-05T15:25:00,/cart,95.71
94,442,2025-01-25T13:10:00,/home,188.72
19,443,2025-02-23T10:04:00,/product/1,0
103,444,2025-01-08T15:05:00,/product/2,103.08
418,445,2025-04-09T20:32:00,/cart,0
386,446,2025-04-28T18:21:00,/product/1,0
442,447,2025-01-09T16:51:00,/product/2,0
410,448,2025-03-08T23:54:00,/cart,148.66
459,449,2025-03-12T09:16:00,/product/2,99.24
255,450,2025-03-08T20:57:00,/checkout,0
43,451,2025-05-13T08:40:00,/cart,0
309,452,2025-02-02T20:25:00,/checkout,0
53,453,2025-01-15T13:49:00,/product/2,0
157,454,2025-03-23T04:14:00,/checkout,33.33
228,455,2025-03-05T23:55:00,/cart,0
446,456,2025-03-06T04:21:00,/checkout,54.91
406,457,2025-01-11T10:36:00,/home,0
208,458,2025-03-08T03:19:00,/checkout,135.88
488,459,2025-01-06T16:03:00,/product/1,135.62
225,460,2025-01-07T08:02:00,/product/1,0
399,461,2025-04-28T10:45:00,/product/2,0
487,462,2025-04-14T06:19:00,/home,0
348,463,2025-03-23T21:44:00,/product/2,0
391,464,2025-01-14T23:55:00,/checkout,0
188,465,2025-03-14T11:02:00,/product/2,0
128,466,2025-01-21T15:39:00,/home,99.81
199,467,2025-04-13T05:59:00,/home,0
134,468,2025-05-09T03:59:00,/cart,0
314,469,2025-02-21T23:42:00,/cart,0
70,470,2025-01-14T11:32:00,/cart,0
366,471,2025-03-23T00:43:00,/home,193.51
164,472,2025-05-02T13:50:00,/product/2,110.0
149,473,2025-02-24T14:31:00,/product/1,185.46
327,474,2025-02-01T16:36:00,/product/2,0
63,475,2025-02-06T14:05:00,/product/1,0
253,476,2025-01-05T18:50:00,/product/2,0
189,477,2025-03-27T02:07:00,/checkout,0
453,478,2025-01-16T16:40:00,/home,0
368,479,2025-05-11T20:47:00,/cart,0
394,480,2025-03-16T12:50:00,/checkout,0
498,481,2025-02-27T17:06:00,/home,0
349,482,2025-04-05T04:22:00,/product/2,0
425,483,2025-04-11T08:40:00,/checkout,0
495,484,2025-01-24T11:45:00,/cart,0
445,485,2025-01-11T02:06:00,/home,0
156,486,2025-01-30T23:23:00,/product/1,0
364,487,2025-02-11T01:05:00,/product/2,103.78
146,488,2025-01-15T08:32:00,/product/2,0
490,489,2025-04-11T06:39:00,/product/2,0
156,490,2025-04-22T20:28:00,/checkout,0
329,491,2025-01-31T16:46:00,/checkout,30.84
338,492,2025-04-24T16:23:00,/checkout,0
474,493,2025-04-13T14:29:00,/home,5.67
24,494,2025-04-27T18:33:00,/checkout,0
108,495,2025-04-15T03:42:00,/cart,0
16,496,2025-04-01T15:57:00,/checkout,0
490,497,2025-02-24T23:52:00,/cart,0
414,498,2025-05-05T16:46:00,/cart,0
38,499,2025-05-06T08:35:00,/home,0
213,500,2025-03-30T03:43:00,/cart,0
311,501,2025-01-27T03:41:00,/product/2,63.86
441,502,2025-03-04T20:56:00,/cart,0
190,503,2025-04-04T17:58:00,/checkout,0
124,504,2025-03-26T22:02:00,/home,0
127,505,2025-01-26T15:30:00,/home,0
485,506,2025-03-11T22:22:00,/checkout,0
493,507,2025-01-30T01:44:00,/product/2,144.23
98,508,2025-01-30T00:10:00,/cart,93.36
451,509,2025-02-26T04:02:00,/cart,0
484,510,2025-03-13T14:06:00,/checkout,0
124,511,2025-02-09T03:58:00,/checkout,0
26,512,2025-02-21T05:15:00,/cart,0
432,513,2025-04-30T02:30:00,/cart,0
5,514,2025-01-20T13:39:00,/cart,0
136,515,2025-05-13T10:31:00,/product/2,73.19
206,516,2025-01-10T07:30:00,/checkout,0
186,517,2025-04-11T17:04:00,/product/2,0
259,518,2025-03-23T23:37:00,/checkout,0
320,519,2025-05-04T20:42:00,/checkout,0
500,520,2025-01-18T14:24:00,/cart,0
174,521,2025-04-12T13:12:00,/product/2,39.81
261,522,2025-03-15T01:41:00,/checkout,0
20,523,2025-01-25T22:43:00,/product/2,103.87
77,524,2025-04-21T08:47:00,/checkout,0
477,525,2025-04-22T14:32:00,/product/2,0
316,526,2025-05-15T14:08:00,/product/2,0
260,527,2025-04-03T18:58:00,/checkout,0
289,528,2025-02-24T13:48:00,/cart,73.67
345,529,2025-01-20T22:52:00,/cart,0
408,530,2025-05-13T00:59:00,/home,0
136,531,2025-04-30T08:19:00,/checkout,0
370,532,2025-01-10T08:22:00,/checkout,0
269,533,2025-04-25T12:15:00,/checkout,76.04
421,534,2025-05-04T22:08:00,/product/1,0
486,535,2025-05-08T12:37:00,/home,0
226,536,2025-02-27T02:32:00,/cart,0
354,537,2025-02-07T02:48:00,/cart,0
314,538,2025-03-27T20:28:00,/home,103.74
288,539,2025-03-01T04:09:00,/cart,0
161,540,2025-02-01T12:38:00,/cart,68.47
182,541,2025-05-04T00:54:00,/product/2,0
99,542,2025-02-14T21:03:00,/product/2,0
116,543,2025-02-24T04:17:00,/product/2,138.05
251,544,2025-02-27T17:10:00,/cart,0
479,545,2025-05-12T08:59:00,/product/2,0
294,546,2025-05-04T04:12:00,/checkout,0
203,547,2025-03-04T19:54:00,/product/1,0
148,548,2025-05-11T00:07:00,/home,0
227,549,2025-04-30T09:59:00,/product/2,42.8
424,550,2025-04-09T01:04:00,/product/2,139.23
71,551,2025-01-20T21:13:00,/checkout,47.86
26,552,2025-05-02T22:32:00,/checkout,0
120,553,2025-01-10T13:20:00,/home,0
368,554,2025-03-27T23:57:00,/home,0
71,555,2025-01-01T22:38:00,/checkout,31.59
335,556,2025-03-28T14:21:00,/cart,0
388,557,2025-02-22T06:59:00,/product/2,0
31,558,2025-01-17T06:51:00,/checkout,0
379,559,2025-05-12T15:20:00,/home,35.01
452,560,2025-02-02T00:01:00,/home,79.4
254,561,2025-02-03T22:00:00,/product/2,1.85
291,562,2025-04-20T17:35:00,/home,67.01
233,563,2025-04-27T17:56:00,/checkout,0
456,564,2025-01-25T10:19:00,/checkout,0
99,565,2025-01-21T12:09:00,/product/2,0
235,566,2025-04-29T00:24:00,/product/2,2.82
173,567,2025-02-23T16:58:00,/checkout,0
99,568,2025-02-01T22:44:00,/checkout,179.41
424,569,2025-03-19T20:39:00,/checkout,0
206,570,2025-05-02T20:01:00,/home,0
72,571,2025-03-28T22:01:00,/product/2,1.37
197,572,2025-02-12T21:00:00,/cart,190.81
155,573,2025-04-17T00:48:00,/checkout,0
335,574,2025-03-07T10:54:00,/product/1,0
61,575,2025-03-26T17:20:00,/product/2,0
352,576,2025-04-02T11:32:00,/product/2,0
328,577,2025-02-23T17:02:00,/product/2,0
113,578,2025-01-25T07:34:00,/cart,0
383,579,2025-04-21T06:30:00,/product/2,0
282,580,2025-03-27T17:04:00,/checkout,165.12
391,581,2025-02-15T01:11:00,/checkout,16.37
229,582,2025-04-07T03:37:00,/product/2,0
289,583,2025-01-21T10:14:00,/home,180.58
104,584,2025-04-15T06:10:00,/checkout,0
168,585,2025-04-05T17:24:00,/cart,0
106,586,2025-05-11T12:15:00,/checkout,0
461,587,2025-04-03T21:51:00,/cart,90.69
263,588,2025-03-17T15:01:00,/cart,0
287,589,2025-03-26T04:09:00,/product/2,79.19
419,590,2025-01-01T13:10:00,/product/1,0
24,591,2025-03-19T03:09:00,/product/2,108.23
31,592,2025-01-13T13:32:00,/cart,0
210,593,2025-02-02T18:21:00,/product/1,195.67
331,594,2025-03-18T12:35:00,/product/2,76.5
446,595,2025-03-10T17:18:00,/cart,0
494,596,2025-05-01T11:24:00,/checkout,0
441,597,2025-03-05T07:25:00,/home,0
276,598,2025-03-13T13:17:00,/checkout,0
115,599,2025-01-01T15:10:00,/home,92.6
369,600,2025-04-10T02:43:00,/cart,0
422,601,2025-02-11T19:25:00,/product/1,0
80,602,2025-02-20T04:19:00,/product/1,145.0
58,603,2025-01-06T20:45:00,/cart,0
480,604,2025-01-03T20:21:00,/product/1,0
52,605,2025-04-19T02:58:00,/home,0
345,606,2025-05-09T00:42:00,/home,0
23,607,2025-03-15T05:31:00,/cart,0
112,608,2025-05-18T07:57:00,/home,0
149,609,2025-02-12T15:04:00,/checkout,0
307,610,2025-05-03T10:20:00,/product/2,0
449,611,2025-01-27T01:54:00,/checkout,0
154,612,2025-02-20T02:09:00,/home,0
303,613,2025-05-14T20:11:00,/product/1,0
219,614,2025-04-12T04:32:00,/cart,0
177,615,2025-04-28T02:41:00,/cart,63.75
214,616,2025-03-16T07:42:00,/product/1,0
95,617,2025-05-18T08:05:00,/checkout,0
435,618,2025-02-11T00:32:00,/product/2,28.87
238,619,2025-01-11T11:45:00,/checkout,0
214,620,2025-04-12T10:49:00,/checkout,0
125,621,2025-02-16T10:05:00,/product/1,0
41,622,2025-03-23T21:08:00,/product/2,0
371,623,2025-02-04T16:13:00,/home,0
345,624,2025-04-21T03:09:00,/checkout,0
38,625,2025-02-04T06:05:00,/checkout,111.77
246,626,2025-02-08T00:39:00,/product/2,0
466,627,2025-01-03T18:59:00,/product/1,192.42
61,628,2025-05-16T23:09:00,/cart,139.13
361,629,2025-02-07T05:31:00,/cart,110.42
398,630,2025-02-21T12:42:00,/cart,0
333,631,2025-03-07T09:37:00,/product/2,0
263,632,2025-04-01T12:38:00,/cart,0
370,633,2025-03-27T11:14:00,/product/2,74.14
212,634,2025-01-09T07:44:00,/checkout,148.25
9,635,2025-02-17T11:20:00,/checkout,115.83
214,636,2025-02-23T17:42:00,/product/1,0
118,637,2025-03-11T03:32:00,/checkout,99.86
336,638,2025-05-05T16:08:00,/product/2,0
421,639,2025-03-30T22:49:00,/cart,0
376,640,2025-03-06T02:40:00,/product/1,0
280,641,2025-03-30T21:29:00,/product/1,108.43
329,642,2025-01-11T16:36:00,/checkout,0
434,643,2025-01-14T12:45:00,/home,82.48
432,644,2025-04-25T19:34:00,/product/1,0
78,645,2025-01-02T15:56:00,/product/1,0
192,646,2025-01-12T00:06:00,/checkout,0
479,647,2025-04-23T05:36:00,/cart,0
9,648,2025-01-02T04:53:00,/checkout,0
7,649,2025-01-04T01:04:00,/checkout,107.15
147,650,2025-01-04T02:53:00,/checkout,134.81
413,651,2025-02-02T15:13:00,/home,104.88
124,652,2025-02-04T22:33:00,/checkout,0
418,653,2025-03-06T12:34:00,/product/2,15.8
492,654,2025-03-15T21:57:00,/cart,0
357,655,2025-02-11T02:47:00,/product/2,0
435,656,2025-01-15T16:13:00,/home,0
195,657,2025-03-10T15:52:00,/checkout,0
327,658,2025-01-02T17:17:00,/product/1,0
433,659,2025-03-20T23:46:00,/product/2,0
440,660,2025-01-18T08:38:00,/checkout,45.95
462,661,2025-05-07T00:39:00,/checkout,0
24,662,2025-01-14T12:49:00,/product/2,112.7
17,663,2025-02-02T15:36:00,/product/2,0
107,664,2025-04-17T20:47:00,/product/1,142.54
204,665,2025-01-15T00:08:00,/product/2,0
124,666,2025-04-14T03:55:00,/cart,0
277,667,2025-03-02T09:20:00,/cart,27.99
353,668,2025-05-12T19:55:00,/home,0
499,669,2025-03-04T23:04:00,/home,0
119,670,2025-01-14T20:07:00,/product/2,0
315,671,2025-04-19T10:15:00,/cart,65.28
325,672,2025-02-19T18:11:00,/cart,0
183,673,2025-04-11T16:15:00,/cart,0
349,674,2025-04-17T15:43:00,/cart,0
317,675,2025-02-23T18:31:00,/product/1,16.41
79,676,2025-03-11T04:14:00,/product/1,63.34
55,677,2025-01-17T15:51:00,/home,88.95
390,678,2025-02-19T02:37:00,/home,0
96,679,2025-03-20T10:58:00,/cart,0
263,680,2025-03-16T06:46:00,/home,0
182,681,2025-04-11T21:25:00,/home,0
402,682,2025-03-01T01:27:00,/cart,0
212,683,2025-03-12T14:19:00,/home,111.91
125,684,2025-04-15T02:55:00,/checkout,0
195,685,2025-01-31T20:33:00,/product/1,0
138,686,2025-03-31T18:29:00,/product/1,0
223,687,2025-02-20T05:41:00,/cart,0
401,688,2025-01-15T00:04:00,/product/2,0
127,689,2025-05-12T05:39:00,/cart,0
101,690,2025-03-25T08:25:00,/home,0
4,691,2025-03-14T00:48:00,/product/2,75.98
442,692,2025-03-01T23:47:00,/cart,0
418,693,2025-04-29T12:25:00,/checkout,0
165,694,2025-04-20T19:28:00,/product/1,0
91,695,2025-03-14T11:56:00,/product/2,0
356,696,2025-04-26T05:11:00,/cart,156.39
167,697,2025-03-10T11:00:00,/product/2,78.59
59,698,2025-04-13T15:30:00,/product/1,0
280,699,2025-02-02T18:06:00,/checkout,0
373,700,2025-03-26T00:51:00,/product/1,0
150,701,2025-05-07T03:02:00,/home,159.13
210,702,2025-05-03T12:17:00,/cart,0
156,703,2025-02-14T01:24:00,/product/2,0
367,704,2025-03-19T00:40:00,/cart,0
307,705,2025-03-29T05:48:00,/checkout,0
260,706,2025-05-06T22:07:00,/cart,0
405,707,2025-03-07T10:48:00,/checkout,0
469,708,2025-01-16T11:17:00,/home,131.52
182,709,2025-01-31T06:44:00,/checkout,0
331,710,2025-05-04T07:55:00,/cart,66.32
408,711,2025-03-20T08:41:00,/home,0
133,712,2025-02-10T09:56:00,/checkout,111.6
353,713,2025-04-15T17:14:00,/product/1,0
201,714,2025-03-26T07:09:00,/checkout,0
78,715,2025-03-04T19:11:00,/home,0
152,716,2025-03-17T17:25:00,/home,0
482,717,2025-05-13T22:04:00,/product/1,0
176,718,2025-03-24T21:22:00,/product/1,0
179,719,2025-03-28T16:23:00,/home,0
357,720,2025-03-24T08:46:00,/product/2,0
23,721,2025-05-10T09:26:00,/home,0
176,722,2025-04-28T23:01:00,/home,0
85,723,2025-05-15T19:14:00,/product/1,0
283,724,2025-01-30T03:38:00,/product/2,0
491,725,2025-03-26T02:44:00,/product/1,125.95
96,726,2025-04-27T14:17:00,/cart,0
378,727,2025-04-22T19:04:00,/product/1,0
220,728,2025-03-12T18:50:00,/home,41.16
386,729,2025-05-09T02:46:00,/home,0
410,730,2025-04-08T17:42:00,/product/1,0
101,731,2025-03-25T07:04:00,/home,0
442,732,2025-03-31T02:35:00,/checkout,62.68
199,733,2025-04-22T06:50:00,/cart,0
179,734,2025-03-06T01:50:00,/cart,0
417,735,2025-05-03T14:57:00,/product/2,118.03
345,736,2025-01-25T09:13:00,/product/2,0
157,737,2025-01-22T06:57:00,/product/1,0
73,738,2025-04-03T23:49:00,/cart,0
71,739,2025-04-15T15:21:00,/cart,0
250,740,2025-04-26T16:32:00,/checkout,0
331,741,2025-02-01T12:52:00,/checkout,0
148,742,2025-01-26T12:57:00,/product/1,0
231,743,2025-04-23T18:14:00,/home,190.37
249,744,2025-01-25T20:31:00,/product/1,192.77
259,745,2025-04-29T21:18:00,/cart,0
252,746,2025-03-17T15:55:00,/cart,0
43,747,2025-04-13T22:15:00,/home,44.11
17,748,2025-02-20T00:51:00,/product/1,0
87,749,2025-03-25T06:04:00,/checkout,153.18
282,750,2025-04-03T23:44:00,/home,0
138,751,2025-04-09T20:52:00,/product/2,0
388,752,2025-01-08T13:47:00,/cart,0
218,753,2025-01-19T15:27:00,/product/1,0
17,754,2025-03-23T20:54:00,/product/2,0
419,755,2025-01-16T20:02:00,/cart,23.48
416,756,2025-02-13T03:13:00,/product/1,117.58
180,757,2025-05-10T09:19:00,/checkout,0
85,758,2025-04-23T04:00:00,/product/1,162.71
413,759,2025-01-11T19:20:00,/checkout,0
144,760,2025-04-19T15:42:00,/checkout,0
361,761,2025-02-23T06:32:00,/product/2,0
488,762,2025-04-04T15:30:00,/home,0
385,763,2025-03-16T22:17:00,/home,173.41
65,764,2025-05-08T16:34:00,/product/1,0
365,765,2025-02-28T15:15:00,/product/1,135.25
251,766,2025-01-26T21:09:00,/checkout,0
322,767,2025-03-17T09:46:00,/cart,0
325,768,2025-01-17T22:44:00,/cart,0
143,769,2025-05-07T11:12:00,/product/2,0
250,770,2025-03-01T13:56:00,/checkout,0
397,771,2025-05-14T09:19:00,/home,91.69
341,772,2025-05-07T22:30:00,/product/2,159.14
204,773,2025-02-09T15:42:00,/cart,98.94
166,774,2025-02-21T15:02:00,/product/2,0
67,775,2025-04-14T01:30:00,/cart,178.83
391,776,2025-01-09T19:30:00,/home,0
402,777,2025-03-25T15:56:00,/home,0
440,778,2025-01-29T18:14:00,/cart,0
491,779,2025-03-19T21:05:00,/product/1,181.88
452,780,2025-04-29T07:52:00,/product/2,0
478,781,2025-02-19T21:12:00,/home,0
129,782,2025-01-16T00:06:00,/product/2,0
333,783,2025-01-31T03:11:00,/home,0
157,784,2025-05-13T03:53:00,/product/1,0
47,785,2025-05-09T02:30:00,/home,0
245,786,2025-01-15T04:31:00,/product/1,0
266,787,2025-05-04T18:53:00,/cart,0
357,788,2025-03-04T13:05:00,/home,84.46
68,789,2025-03-28T23:06:00,/home,0
46,790,2025-05-14T00:45:00,/home,0
189,791,2025-02-24T11:27:00,/product/1,0
417,792,2025-05-18T02:35:00,/product/1,0
347,793,2025-01-27T00:08:00,/home,0
5,794,2025-04-22T02:31:00,/product/1,0
370,795,2025-02-08T18:51:00,/product/1,123.22
227,796,2025-02-09T13:09:00,/home,28.0
64,797,2025-04-18T07:53:00,/cart,0
220,798,2025-02-27T06:05:00,/product/1,0
331,799,2025-01-16T08:05:00,/product/1,0
308,800,2025-05-12T06:52:00,/checkout,0
482,801,2025-05-06T16:44:00,/home,131.68
155,802,2025-02-07T09:36:00,/checkout,0
97,803,2025-05-17T03:22:00,/cart,0
28,804,2025-02-13T13:41:00,/cart,0
124,805,2025-04-01T22:42:00,/checkout,0
456,806,2025-01-03T04:43:00,/product/2,26.4
441,807,2025-04-14T11:17:00,/cart,0
350,808,2025-02-01T10:50:00,/cart,154.07
9,809,2025-04-17T22:13:00,/home,0
111,810,2025-01-08T06:00:00,/home,79.6
147,811,2025-04-25T10:16:00,/checkout,84.72
206,812,2025-01-16T00:07:00,/checkout,0
79,813,2025-02-20T12:16:00,/home,0
262,814,2025-02-06T23:47:00,/product/1,0
201,815,2025-04-17T18:10:00,/home,0
224,816,2025-05-13T21:14:00,/product/1,0
45,817,2025-03-21T02:17:00,/home,0
312,818,2025-01-11T00:25:00,/product/2,0
337,819,2025-05-15T19:59:00,/product/1,0
363,820,2025-01-25T23:29:00,/home,0
488,821,2025-03-05T02:46:00,/checkout,0
422,822,2025-05-12T05:04:00,/product/2,0
65,823,2025-05-17T11:49:00,/product/2,23.61
461,824,2025-01-06T08:15:00,/product/2,54.4
33,825,2025-02-17T20:50:00,/checkout,0
255,826,2025-03-24T20:47:00,/checkout,0
256,827,2025-04-14T04:45:00,/product/1,0
131,828,2025-01-19T17:35:00,/checkout,0
60,829,2025-02-11T13:54:00,/checkout,0
440,830,2025-01-03T05:41:00,/product/1,0
187,831,2025-03-11T17:15:00,/product/1,0
492,832,2025-01-07T10:30:00,/checkout,142.8
336,833,2025-03-18T08:15:00,/product/1,0
214,834,2025-05-12T02:59:00,/product/2,0
40,835,2025-04-15T01:04:00,/product/2,0
345,836,2025-01-10T14:07:00,/product/1,0
265,837,2025-01-09T08:39:00,/cart,0
239,838,2025-02-21T09:25:00,/product/2,0
284,839,2025-03-25T03:33:00,/home,0
150,840,2025-04-13T15:18:00,/product/2,48.52
189,841,2025-04-18T17:08:00,/cart,155.18
376,842,2025-04-10T11:57:00,/product/1,0
478,843,2025-03-16T15:28:00,/home,0
178,844,2025-04-26T18:28:00,/home,0.29
337,845,2025-03-10T11:58:00,/product/2,0
272,846,2025-02-13T08:34:00,/cart,0
31,847,2025-01-26T22:02:00,/product/2,0
472,848,2025-02-12T03:19:00,/checkout,0
459,849,2025-03-09T19:26:00,/cart,16.98
49,850,2025-04-03T00:14:00,/product/1,0
202,851,2025-01-14T14:56:00,/checkout,0
223,852,2025-05-01T14:15:00,/product/1,0
134,853,2025-02-27T08:17:00,/cart,147.07
163,854,2025-03-24T10:07:00,/product/2,0
484,855,2025-02-06T21:39:00,/product/1,116.94
80,856,2025-01-20T05:37:00,/product/1,0
161,857,2025-03-16T00:04:00,/home,0
494,858,2025-02-07T19:10:00,/cart,0
136,859,2025-01-22T19:54:00,/home,0
352,860,2025-02-25T09:08:00,/checkout,0
428,861,2025-03-01T16:09:00,/product/1,0
128,862,2025-03-06T18:15:00,/cart,0
347,863,2025-02-24T09:39:00,/product/2,34.77
488,864,2025-03-15T14:48:00,/cart,0
282,865,2025-02-15T11:37:00,/home,0
412,866,2025-01-26T10:45:00,/home,0
426,867,2025-02-10T11:11:00,/product/1,0
206,868,2025-03-09T18:20:00,/home,0
133,869,2025-01-14T15:37:00,/home,39.55
331,870,2025-03-22T17:22:00,/product/1,0
434,871,2025-03-02T08:33:00,/home,0
237,872,2025-01-10T05:14:00,/product/1,86.63
371,873,2025-03-13T21:46:00,/cart,0
350,874,2025-03-19T16:07:00,/product/1,0
466,875,2025-02-04T01:40:00,/product/2,0
453,876,2025-01-28T01:22:00,/home,0
316,877,2025-02-14T17:51:00,/product/2,0
452,878,2025-04-11T05:59:00,/cart,0
144,879,2025-03-11T17:25:00,/product/1,0
330,880,2025-04-06T17:19:00,/product/1,0
411,881,2025-04-09T23:16:00,/home,156.38
184,882,2025-03-29T07:46:00,/checkout,68.81
290,883,2025-04-02T10:59:00,/product/2,0
93,884,2025-01-05T17:52:00,/product/2,0
16,885,2025-02-21T03:24:00,/home,94.34
184,886,2025-04-17T07:29:00,/product/1,20.03
337,887,2025-02-13T21:36:00,/product/2,0
406,888,2025-05-15T04:15:00,/home,189.56
295,889,2025-03-12T17:02:00,/product/2,198.31
89,890,2025-02-02T01:23:00,/product/1,0
413,891,2025-05-15T08:49:00,/product/2,5.64
359,892,2025-03-06T00:31:00,/checkout,0
289,893,2025-02-04T06:24:00,/cart,0
90,894,2025-03-31T06:44:00,/home,0
120,895,2025-04-20T12:42:00,/product/1,0
245,896,2025-01-01T02:59:00,/product/2,40.29
67,897,2025-03-04T00:47:00,/product/1,168.86
166,898,2025-01-11T20:12:00,/home,0
361,899,2025-01-26T18:53:00,/home,172.13
492,900,2025-01-14T04:53:00,/product/2,132.43
301,901,2025-01-19T09:24:00,/product/2,0
70,902,2025-01-29T16:08:00,/cart,192.13
333,903,2025-02-27T18:13:00,/product/1,112.4
456,904,2025-04-22T17:20:00,/product/2,0
302,905,2025-02-01T22:07:00,/cart,0
353,906,2025-02-23T14:45:00,/product/1,0
1,907,2025-05-08T19:07:00,/checkout,0
395,908,2025-04-14T07:22:00,/home,0
163,909,2025-04-22T07:09:00,/product/1,0
54,910,2025-04-01T07:51:00,/product/1,0
40,911,2025-02-13T07:49:00,/product/2,33.58
454,912,2025-01-17T03:38:00,/product/2,0
136,913,2025-02-08T04:07:00,/product/1,0
180,914,2025-02-16T17:21:00,/home,9.63
225,915,2025-05-14T08:42:00,/cart,176.91
253,916,2025-03-10T22:37:00,/product/2,0
52,917,2025-03-29T06:55:00,/checkout,0
352,918,2025-02-11T01:35:00,/product/1,0
410,919,2025-01-07T01:58:00,/product/2,0
134,920,2025-01-20T01:33:00,/home,0
455,921,2025-03-10T08:24:00,/product/1,109.41
460,922,2025-01-17T22:46:00,/product/2,0
315,923,2025-03-29T21:06:00,/home,0
335,924,2025-01-31T00:53:00,/checkout,31.42
52,925,2025-03-02T06:34:00,/product/1,81.86
284,926,2025-05-12T10:37:00,/checkout,0
145,927,2025-02-24T03:21:00,/product/1,0
202,928,2025-04-15T02:06:00,/checkout,30.72
185,929,2025-01-01T16:40:00,/cart,0
422,930,2025-05-01T12:24:00,/checkout,0
50,931,2025-01-05T16:26:00,/product/1,0
150,932,2025-01-15T21:59:00,/cart,61.67
204,933,2025-03-27T17:35:00,/cart,53.0
329,934,2025-04-10T01:19:00,/cart,0
454,935,2025-03-11T10:33:00,/product/2,0
23,936,2025-02-17T22:21:00,/cart,0
116,937,2025-02-18T21:21:00,/checkout,0
386,938,2025-05-07T18:55:00,/home,0
177,939,2025-04-09T13:37:00,/cart,117.95
284,940,2025-01-12T02:26:00,/cart,83.73
275,941,2025-05-06T01:50:00,/cart,0
121,942,2025-03-28T16:49:00,/product/2,0
463,943,2025-05-11T00:50:00,/home,0
462,944,2025-04-05T02:00:00,/checkout,0
318,945,2025-01-27T20:12:00,/home,89.81
486,946,2025-01-31T10:21:00,/product/1,25.24
217,947,2025-01-15T06:23:00,/cart,0
422,948,2025-04-25T04:23:00,/product/1,51.58
467,949,2025-05-13T08:45:00,/home,0
285,950,2025-03-14T08:04:00,/checkout,0
142,951,2025-04-05T14:33:00,/cart,2.47
359,952,2025-04-24T10:10:00,/checkout,0
215,953,2025-01-21T11:36:00,/cart,0
291,954,2025-04-18T00:43:00,/checkout,187.93
474,955,2025-01-20T05:31:00,/checkout,157.15
445,956,2025-04-08T12:13:00,/product/2,52.83
336,957,2025-03-30T09:33:00,/checkout,0
20,958,2025-02-01T08:21:00,/product/2,0
317,959,2025-04-21T19:15:00,/cart,0
456,960,2025-03-02T08:19:00,/product/1,0
244,961,2025-02-18T21:27:00,/product/2,0
419,962,2025-02-25T04:04:00,/product/2,0
252,963,2025-05-07T17:40:00,/home,45.59
154,964,2025-05-16T09:22:00,/cart,64.17
374,965,2025-03-17T20:54:00,/checkout,0
97,966,2025-03-22T09:53:00,/product/1,81.43
249,967,2025-05-19T06:16:00,/checkout,164.2
264,968,2025-01-29T22:33:00,/home,0
260,969,2025-03-15T10:24:00,/product/1,104.86
292,970,2025-01-06T06:28:00,/product/1,0
427,971,2025-02-06T12:59:00,/home,0
234,972,2025-01-10T04:53:00,/product/2,54.8
422,973,2025-03-26T12:12:00,/checkout,0
473,974,2025-01-23T13:12:00,/home,0
251,975,2025-04-19T03:24:00,/cart,0
446,976,2025-03-28T09:28:00,/checkout,0
177,977,2025-01-30T18:24:00,/product/2,137.77
146,978,2025-01-05T23:55:00,/cart,0
438,979,2025-04-15T04:14:00,/product/1,129.48
347,980,2025-02-07T15:13:00,/product/2,0
263,981,2025-01-04T15:36:00,/home,0
68,982,2025-04-28T20:24:00,/product/1,0
5,983,2025-02-10T17:39:00,/product/2,0
483,984,2025-02-25T14:34:00,/product/2,0
193,985,2025-03-05T11:32:00,/cart,0
239,986,2025-02-25T00:05:00,/checkout,79.43
53,987,2025-01-02T08:06:00,/checkout,193.3
430,988,2025-03-10T03:02:00,/checkout,0
312,989,2025-02-21T11:02:00,/product/2,0
247,990,2025-01-12T14:54:00,/product/2,128.12
442,991,2025-02-20T09:43:00,/product/2,0
488,992,2025-04-29T14:18:00,/product/2,0
265,993,2025-02-13T17:53:00,/home,160.47
308,994,2025-03-15T13:31:00,/product/2,0
370,995,2025-01-05T15:12:00,/cart,51.89
215,996,2025-03-15T15:43:00,/cart,116.6
293,997,2025-02-04T13:45:00,/product/2,44.47
274,998,2025-04-27T04:50:00,/cart,134.37
260,999,2025-02-24T15:34:00,/product/1,175.3
93,1000,2025-02-23T11:33:00,/home,0
380,1001,2025-02-17T02:04:00,/checkout,36.61
349,1002,2025-03-03T02:24:00,/home,0
115,1003,2025-05-16T11:30:00,/product/2,0
455,1004,2025-03-02T07:32:00,/product/2,0
151,1005,2025-03-26T10:12:00,/home,0
444,1006,2025-04-26T11:43:00,/checkout,0
318,1007,2025-01-13T23:08:00,/cart,100.1
445,1008,2025-05-04T22:00:00,/cart,0
212,1009,2025-01-10T20:12:00,/product/1,0
103,1010,2025-03-04T09:08:00,/cart,178.57
235,1011,2025-01-27T01:45:00,/product/2,36.07
42,1012,2025-03-30T18:16:00,/product/2,0
91,1013,2025-02-27T01:19:00,/home,0
141,1014,2025-02-08T02:48:00,/product/1,0
82,1015,2025-03-31T02:59:00,/home,0
223,1016,2025-04-26T07:44:00,/cart,0
495,1017,2025-03-28T21:47:00,/cart,0
274,1018,2025-02-06T07:15:00,/product/2,178.4
388,1019,2025-04-07T16:07:00,/product/1,0
3,1020,2025-04-25T02:02:00,/product/1,0
450,1021,2025-03-04T16:29:00,/product/2,0
197,1022,2025-04-02T15:06:00,/checkout,0
34,1023,2025-01-09T07:44:00,/product/2,91.19
267,1024,2025-04-19T13:34:00,/checkout,0
455,1025,2025-05-06T00:35:00,/product/1,0
462,1026,2025-03-31T05:37:00,/product/2,32.98
465,1027,2025-03-15T10:26:00,/home,0
373,1028,2025-01-24T21:14:00,/product/1,117.94
87,1029,2025-01-23T10:06:00,/product/2,158.43
193,1030,2025-04-27T13:36:00,/product/2,124.63
305,1031,2025-01-09T17:32:00,/home,0
11,1032,2025-01-09T18:44:00,/home,0
195,1033,2025-01-23T11:59:00,/checkout,0
360,1034,2025-01-28T21:01:00,/product/1,0
323,1035,2025-01-02T16:39:00,/product/2,0
52,1036,2025-05-01T14:25:00,/checkout,0
311,1037,2025-05-08T13:31:00,/product/1,0
461,1038,2025-01-20T02:22:00,/checkout,23.55
59,1039,2025-01-20T08:16:00,/cart,0
103,1040,2025-02-17T21:02:00,/checkout,71.58
210,1041,2025-02-23T18:24:00,/product/1,0
255,1042,2025-02-07T19:25:00,/cart,0
2,1043,2025-01-03T07:42:00,/home,167.05
343,1044,2025-03-31T22:46:00,/product/1,155.91
39,1045,2025-05-12T17:17:00,/home,128.87
234,1046,2025-02-23T21:20:00,/product/2,0
52,1047,2025-02-01T19:17:00,/home,72.04
347,1048,2025-02-26T22:14:00,/cart,19.0
389,1049,2025-01-09T08:29:00,/home,132.67
88,1050,2025-03-01T19:56:00,/product/2,191.02
138,1051,2025-05-14T10:49:00,/home,0
176,1052,2025-02-03T06:58:00,/home,0
493,1053,2025-03-25T02:38:00,/product/2,137.98
245,1054,2025-03-18T18:36:00,/product/1,0
357,1055,2025-05-13T05:44:00,/home,168.87
54,1056,2025-03-17T17:39:00,/checkout,0
292,1057,2025-05-04T11:56:00,/cart,0
195,1058,2025-03-07T06:44:00,/checkout,0
351,1059,2025-05-13T09:31:00,/product/1,0
250,1060,2025-01-21T13:25:00,/cart,0
33,1061,2025-02-17T15:00:00,/product/2,0
445,1062,2025-05-04T09:54:00,/checkout,115.33
290,1063,2025-02-10T18:36:00,/product/2,0
353,1064,2025-05-08T12:52:00,/checkout,0
339,1065,2025-05-13T06:47:00,/product/1,0
340,1066,2025-05-04T02:46:00,/cart,0
424,1067,2025-04-12T15:26:00,/checkout,0
330,1068,2025-01-29T13:37:00,/checkout,170.37
446,1069,2025-01-31T02:39:00,/home,64.13
170,1070,2025-02-20T15:17:00,/home,0
282,1071,2025-04-28T02:41:00,/cart,0
121,1072,2025-01-15T08:24:00,/cart,0
294,1073,2025-03-23T13:46:00,/home,89.41
61,1074,2025-04-01T13:03:00,/home,0
212,1075,2025-01-07T12:33:00,/checkout,0
423,1076,2025-01-17T13:07:00,/checkout,127.51
456,1077,2025-04-03T12:57:00,/checkout,0
344,1078,2025-03-25T01:12:00,/product/2,0
28,1079,2025-02-10T13:56:00,/cart,0
393,1080,2025-04-23T19:45:00,/checkout,0
337,1081,2025-03-08T03:15:00,/cart,0
389,1082,2025-04-30T22:49:00,/product/1,0
182,1083,2025-04-26T08:30:00,/product/2,0
192,1084,2025-05-08T19:30:00,/home,0
85,1085,2025-03-31T15:25:00,/product/1,148.5
210,1086,2025-01-20T11:19:00,/product/2,0
97,1087,2025-01-22T23:32:00,/cart,0
423,1088,2025-02-04T16:39:00,/product/2,0
213,1089,2025-01-09T11:09:00,/checkout,0
457,1090,2025-03-24T00:17:00,/cart,0
490,1091,2025-04-02T18:52:00,/product/1,0.87
377,1092,2025-01-09T20:12:00,/checkout,167.76
248,1093,2025-04-03T12:56:00,/product/1,0
89,1094,2025-05-13T23:34:00,/product/1,0
337,1095,2025-04-20T07:49:00,/checkout,100.82
197,1096,2025-03-18T05:10:00,/checkout,152.47
141,1097,2025-03-14T10:19:00,/product/2,90.57
69,1098,2025-01-26T03:43:00,/cart,0
454,1099,2025-05-17T05:55:00,/checkout,0
360,1100,2025-04-10T17:24:00,/product/2,187.1
324,1101,2025-02-09T13:35:00,/product/1,0
366,1102,2025-02-22T21:33:00,/product/2,26.53
364,1103,2025-04-29T08:16:00,/product/1,0
356,1104,2025-04-26T22:33:00,/product/2,152.16
288,1105,2025-03-29T10:46:00,/checkout,0
342,1106,2025-05-10T06:34:00,/cart,0
458,1107,2025-04-08T04:39:00,/product/2,84.48
7,1108,2025-04-06T03:50:00,/home,0
75,1109,2025-01-10T15:50:00,/home,0
385,1110,2025-01-30T07:08:00,/product/2,0
75,1111,2025-01-12T07:01:00,/product/2,0
278,1112,2025-01-06T21:08:00,/product/2,20.5
445,1113,2025-05-03T23:25:00,/checkout,148.48
288,1114,2025-03-12T19:04:00,/product/1,0
408,1115,2025-05-07T17:25:00,/product/2,0
25,1116,2025-03-11T11:09:00,/cart,0
404,1117,2025-05-05T17:27:00,/product/2,10.76
381,1118,2025-02-15T18:07:00,/product/1,0
400,1119,2025-03-22T15:46:00,/product/1,140.93
332,1120,2025-03-08T22:41:00,/checkout,0
309,1121,2025-02-05T18:23:00,/product/1,0
91,1122,2025-05-05T06:34:00,/home,0
89,1123,2025-05-14T19:36:00,/checkout,0
21,1124,2025-03-20T00:10:00,/product/2,0
67,1125,2025-01-30T07:06:00,/checkout,1.13
239,1126,2025-05-10T04:40:00,/product/1,0
476,1127,2025-02-28T17:35:00,/checkout,0
478,1128,2025-04-24T20:16:00,/checkout,60.23
405,1129,2025-04-15T06:03:00,/checkout,0
402,1130,2025-05-09T19:54:00,/product/2,0
490,1131,2025-02-03T11:20:00,/checkout,0
259,1132,2025-01-30T00:18:00,/cart,0
207,1133,2025-01-17T17:42:00,/product/2,0
110,1134,2025-05-01T18:09:00,/product/2,0
151,1135,2025-02-09T18:24:00,/checkout,0
288,1136,2025-05-17T22:07:00,/home,0
178,1137,2025-03-23T03:08:00,/product/1,122.74
319,1138,2025-02-14T09:17:00,/home,0
165,1139,2025-03-11T10:14:00,/home,0
277,1140,2025-05-12T19:05:00,/product/2,0
265,1141,2025-03-10T06:13:00,/checkout,89.11
23,1142,2025-02-23T23:08:00,/product/1,0
43,1143,2025-01-18T11:14:00,/product/1,154.66
274,1144,2025-01-02T08:01:00,/home,0
323,1145,2025-02-08T19:22:00,/cart,41.12
425,1146,2025-05-08T22:19:00,/cart,0
482,1147,2025-01-14T03:05:00,/product/1,0
368,1148,2025-03-02T09:17:00,/home,0
28,1149,2025-02-02T09:39:00,/product/2,0
295,1150,2025-02-11T10:35:00,/product/2,0
231,1151,2025-04-25T17:27:00,/cart,0
9,1152,2025-03-12T21:45:00,/home,0
329,1153,2025-05-12T02:58:00,/checkout,0
382,1154,2025-04-17T14:33:00,/home,14.52
476,1155,2025-04-02T12:55:00,/home,0
352,1156,2025-02-24T20:37:00,/checkout,0
392,1157,2025-03-21T16:14:00,/cart,0
339,1158,2025-01-06T14:39:00,/cart,0
113,1159,2025-01-25T19:51:00,/cart,169.89
152,1160,2025-04-26T10:11:00,/product/1,0
455,1161,2025-05-13T18:28:00,/product/2,2.23
448,1162,2025-04-12T01:08:00,/product/1,0
3,1163,2025-04-15T06:14:00,/checkout,0
281,1164,2025-01-16T11:55:00,/product/2,0
380,1165,2025-05-13T03:40:00,/product/2,0
464,1166,2025-04-28T14:07:00,/checkout,0
95,1167,2025-02-10T04:38:00,/checkout,38.87
93,1168,2025-05-03T03:32:00,/checkout,170.28
478,1169,2025-04-10T21:58:00,/cart,0
38,1170,2025-02-22T21:52:00,/home,0
102,1171,2025-05-13T02:08:00,/checkout,0
170,1172,2025-03-07T00:21:00,/product/1,0
121,1173,2025-01-19T05:06:00,/product/2,0
461,1174,2025-02-05T05:24:00,/product/2,0
169,1175,2025-04-23T04:50:00,/product/2,0
79,1176,2025-04-13T22:56:00,/checkout,0
162,1177,2025-03-19T23:18:00,/product/1,0
127,1178,2025-02-10T07:51:00,/cart,0
185,1179,2025-01-25T10:47:00,/product/2,92.57
184,1180,2025-02-25T14:37:00,/cart,0
90,1181,2025-04-28T12:27:00,/checkout,0
144,1182,2025-01-26T11:40:00,/checkout,0
376,1183,2025-04-25T01:44:00,/home,178.42
435,1184,2025-04-03T07:53:00,/home,115.78
394,1185,2025-04-18T09:54:00,/product/1,110.32
279,1186,2025-04-09T05:53:00,/cart,0
77,1187,2025-03-08T14:17:00,/cart,0
396,1188,2025-04-18T08:00:00,/product/2,0
257,1189,2025-04-03T22:01:00,/home,0
258,1190,2025-01-02T22:16:00,/product/1,161.31
315,1191,2025-05-05T13:08:00,/product/1,28.07
82,1192,2025-02-02T14:41:00,/checkout,131.88
496,1193,2025-01-27T14:45:00,/cart,8.08
390,1194,2025-03-30T18:32:00,/product/1,0
190,1195,2025-02-12T14:26:00,/home,0
266,1196,2025-03-07T18:19:00,/cart,0
233,1197,2025-01-09T10:53:00,/home,64.81
361,1198,2025-04-05T21:54:00,/product/2,52.66
279,1199,2025-04-14T19:04:00,/product/1,0
194,1200,2025-03-08T12:00:00,/checkout,0
428,1201,2025-01-15T04:04:00,/checkout,0
499,1202,2025-02-10T13:51:00,/checkout,0
419,1203,2025-03-04T19:28:00,/cart,177.43
4,1204,2025-04-02T08:33:00,/product/1,0
118,1205,2025-01-15T00:48:00,/checkout,0
109,1206,2025-01-28T08:24:00,/product/1,0
309,1207,2025-05-11T13:56:00,/home,0
213,1208,2025-03-02T02:46:00,/home,0
246,1209,2025-03-29T04:52:00,/product/1,0
332,1210,2025-03-16T19:14:00,/home,0
66,1211,2025-04-15T09:36:00,/checkout,0
323,1212,2025-04-04T07:46:00,/home,29.37
86,1213,2025-02-17T00:21:00,/product/1,0
208,1214,2025-04-20T02:37:00,/checkout,0
450,1215,2025-05-11T23:45:00,/product/2,43.32
311,1216,2025-03-27T19:38:00,/cart,0
426,1217,2025-03-16T18:40:00,/checkout,0
299,1218,2025-02-03T02:39:00,/checkout,0
136,1219,2025-01-31T12:47:00,/product/2,119.31
36,1220,2025-02-11T20:04:00,/cart,0
56,1221,2025-01-04T00:21:00,/product/1,0
466,1222,2025-04-02T19:34:00,/cart,121.1
91,1223,2025-03-28T15:06:00,/checkout,0
450,1224,2025-04-07T17:51:00,/checkout,18.64
338,1225,2025-01-24T17:24:00,/checkout,0
1,1226,2025-05-04T12:40:00,/cart,0
190,1227,2025-01-08T21:47:00,/checkout,0
481,1228,2025-03-29T18:25:00,/cart,0
412,1229,2025-05-15T23:11:00,/checkout,0
69,1230,2025-02-16T08:00:00,/cart,182.02
43,1231,2025-02-21T13:36:00,/checkout,81.73
97,1232,2025-01-01T23:53:00,/home,0
61,1233,2025-04-05T14:52:00,/home,0
106,1234,2025-05-06T04:53:00,/product/2,0
55,1235,2025-01-29T04:14:00,/cart,0
130,1236,2025-02-17T13:38:00,/checkout,0
188,1237,2025-04-22T09:20:00,/product/2,79.49
105,1238,2025-03-17T05:25:00,/checkout,96.49
190,1239,2025-04-12T18:43:00,/checkout,0
158,1240,2025-04-16T03:47:00,/product/2,79.63
71,1241,2025-05-01T00:27:00,/home,89.32
359,1242,2025-01-30T10:53:00,/home,0
206,1243,2025-03-03T14:39:00,/checkout,0
351,1244,2025-05-09T16:00:00,/home,0
494,1245,2025-04-26T18:11:00,/home,164.65
242,1246,2025-04-20T06:30:00,/cart,0
135,1247,2025-02-10T08:55:00,/product/2,0
20,1248,2025-05-12T21:21:00,/cart,80.13
336,1249,2025-04-05T20:18:00,/product/2,119.49
485,1250,2025-02-01T21:46:00,/cart,0
104,1251,2025-04-30T13:58:00,/checkout,0
18,1252,2025-04-20T03:19:00,/checkout,0
119,1253,2025-04-22T23:48:00,/product/1,0
185,1254,2025-02-13T13:19:00,/home,17.37
142,1255,2025-03-14T17:09:00,/product/2,0
208,1256,2025-04-17T16:37:00,/product/1,0
378,1257,2025-05-09T02:10:00,/home,109.92
372,1258,2025-04-12T18:48:00,/checkout,0
494,1259,2025-02-20T08:04:00,/product/1,0
100,1260,2025-03-24T18:52:00,/cart,0
134,1261,2025-02-01T20:44:00,/cart,0
287,1262,2025-01-14T04:15:00,/checkout,0
485,1263,2025-01-22T07:13:00,/checkout,175.22
417,1264,2025-04-15T15:44:00,/product/2,0
495,1265,2025-03-10T15:29:00,/checkout,0
125,1266,2025-05-18T21:27:00,/product/2,91.77
236,1267,2025-04-17T19:53:00,/home,0
133,1268,2025-01-13T07:08:00,/cart,0
113,1269,2025-05-04T05:28:00,/product/1,82.49
181,1270,2025-04-05T00:38:00,/checkout,0
427,1271,2025-02-17T22:35:00,/product/1,0
205,1272,2025-05-03T15:25:00,/product/2,0
477,1273,2025-02-02T11:48:00,/cart,0
112,1274,2025-04-15T10:35:00,/product/2,0
383,1275,2025-05-05T08:32:00,/product/1,0
103,1276,2025-02-12T18:07:00,/product/1,41.36
104,1277,2025-02-15T10:56:00,/checkout,0
399,1278,2025-01-20T10:07:00,/home,135.16
340,1279,2025-03-31T16:29:00,/checkout,0
439,1280,2025-04-09T13:44:00,/home,74.24
162,1281,2025-03-31T15:04:00,/checkout,98.16
392,1282,2025-04-04T01:10:00,/product/2,0
385,1283,2025-04-15T23:29:00,/product/1,0
410,1284,2025-03-19T00:53:00,/cart,6.51
178,1285,2025-03-13T16:10:00,/product/1,0
62,1286,2025-05-08T02:40:00,/checkout,0
353,1287,2025-01-02T12:46:00,/home,0
195,1288,2025-04-16T18:27:00,/home,0
314,1289,2025-02-17T06:38:00,/product/1,0
122,1290,2025-02-19T01:03:00,/cart,68.62
95,1291,2025-04-01T19:09:00,/cart,0
359,1292,2025-05-17T22:23:00,/product/2,0
206,1293,2025-02-20T21:43:00,/cart,0
68,1294,2025-04-15T20:06:00,/product/1,144.16
412,1295,2025-02-12T22:14:00,/checkout,0
196,1296,2025-02-05T16:36:00,/product/1,147.71
243,1297,2025-01-02T18:33:00,/product/1,0
69,1298,2025-04-25T19:21:00,/checkout,0
162,1299,2025-03-30T14:04:00,/product/2,0
440,1300,2025-04-14T08:54:00,/home,0
354,1301,2025-01-30T17:39:00,/home,0
131,1302,2025-03-28T18:01:00,/home,0
172,1303,2025-02-17T06:56:00,/product/2,0
286,1304,2025-02-16T21:58:00,/product/2,0
63,1305,2025-03-05T21:56:00,/checkout,0
295,1306,2025-04-29T07:18:00,/checkout,0
400,1307,2025-02-21T19:28:00,/product/2,0
262,1308,2025-03-30T17:53:00,/cart,76.21
147,1309,2025-03-26T10:09:00,/product/1,128.12
476,1310,2025-03-03T10:04:00,/cart,0
293,1311,2025-03-15T16:28:00,/home,0
176,1312,2025-02-11T13:05:00,/product/2,0
150,1313,2025-05-10T07:55:00,/product/2,0
203,1314,2025-02-19T09:06:00,/cart,187.75
383,1315,2025-04-17T20:17:00,/checkout,82.8
95,1316,2025-01-05T04:55:00,/product/1,132.4
482,1317,2025-05-16T10:02:00,/home,0
204,1318,2025-01-19T18:03:00,/home,0
450,1319,2025-03-28T03:22:00,/checkout,0
395,1320,2025-03-14T06:34:00,/checkout,16.65
135,1321,2025-04-23T12:31:00,/product/1,0
477,1322,2025-03-12T23:15:00,/product/2,0
378,1323,2025-02-21T17:34:00,/cart,0
68,1324,2025-04-06T21:22:00,/product/1,0
340,1325,2025-03-06T23:03:00,/product/2,93.44
446,1326,2025-04-09T09:50:00,/product/2,0
70,1327,2025-05-07T23:57:00,/checkout,0
306,1328,2025-03-25T02:40:00,/checkout,0
328,1329,2025-04-27T10:08:00,/checkout,0
178,1330,2025-03-29T16:22:00,/checkout,0
46,1331,2025-03-22T10:31:00,/product/2,0
134,1332,2025-01-29T08:20:00,/product/2,0
268,1333,2025-05-19T01:02:00,/product/1,0
241,1334,2025-04-08T09:52:00,/home,0
252,1335,2025-05-18T12:42:00,/cart,0
393,1336,2025-03-20T08:36:00,/product/2,0
408,1337,2025-01-02T07:32:00,/checkout,0
211,1338,2025-04-13T01:05:00,/cart,0
84,1339,2025-05-11T03:36:00,/cart,44.12
41,1340,2025-03-18T20:47:00,/product/1,0
410,1341,2025-04-22T15:10:00,/product/2,0
381,1342,2025-04-07T20:05:00,/product/2,0
437,1343,2025-01-13T11:07:00,/product/1,0
57,1344,2025-04-26T22:37:00,/cart,0
140,1345,2025-05-08T12:24:00,/checkout,0
165,1346,2025-01-04T12:44:00,/product/1,0
274,1347,2025-01-05T00:41:00,/product/1,56.42
65,1348,2025-05-11T04:44:00,/cart,46.56
78,1349,2025-01-03T16:20:00,/cart,0
216,1350,2025-02-26T17:17:00,/cart,92.74
406,1351,2025-01-06T18:39:00,/product/2,0
385,1352,2025-01-27T14:16:00,/home,0
201,1353,2025-01-13T23:53:00,/checkout,0
99,1354,2025-02-15T12:36:00,/cart,24.39
394,1355,2025-05-11T02:29:00,/product/1,0
500,1356,2025-03-22T15:19:00,/product/1,6.7
236,1357,2025-05-14T20:40:00,/home,0
107,1358,2025-03-28T01:48:00,/cart,0
160,1359,2025-02-28T19:29:00,/product/1,0
22,1360,2025-05-16T13:45:00,/checkout,0
130,1361,2025-03-29T14:31:00,/product/2,0
455,1362,2025-01-10T11:34:00,/product/1,47.19
223,1363,2025-03-01T01:49:00,/home,0
142,1364,2025-04-17T10:34:00,/home,0
125,1365,2025-01-02T15:00:00,/home,0
354,1366,2025-03-28T12:29:00,/checkout,0
395,1367,2025-01-17T06:56:00,/product/1,0
47,1368,2025-05-05T20:56:00,/checkout,0
497,1369,2025-05-19T06:34:00,/home,0
331,1370,2025-01-29T00:28:00,/checkout,25.17
120,1371,2025-02-27T15:51:00,/checkout,151.34
413,1372,2025-03-21T20:47:00,/product/1,0
194,1373,2025-03-07T04:51:00,/product/1,0
21,1374,2025-03-30T08:19:00,/cart,0
278,1375,2025-05-07T21:24:00,/cart,0
96,1376,2025-04-09T23:06:00,/product/2,0
240,1377,2025-02-20T02:54:00,/checkout,110.9
36,1378,2025-04-07T16:34:00,/product/1,0
420,1379,2025-02-17T22:35:00,/checkout,0
1,1380,2025-04-27T03:34:00,/checkout,0
95,1381,2025-01-04T09:47:00,/checkout,155.2
123,1382,2025-02-28T09:08:00,/home,0
276,1383,2025-03-12T12:58:00,/product/1,0
255,1384,2025-04-11T09:23:00,/product/1,0
166,1385,2025-03-16T14:27:00,/product/2,0
268,1386,2025-04-30T22:44:00,/home,0
481,1387,2025-01-24T14:59:00,/product/1,40.42
249,1388,2025-02-04T21:11:00,/home,0
329,1389,2025-03-12T17:48:00,/cart,0
360,1390,2025-04-18T11:03:00,/product/2,0
114,1391,2025-04-21T07:27:00,/home,0
472,1392,2025-02-07T23:59:00,/cart,166.42
240,1393,2025-04-27T07:28:00,/home,0
381,1394,2025-03-17T17:19:00,/product/2,11.66
316,1395,2025-02-18T09:21:00,/checkout,0
37,1396,2025-02-25T07:46:00,/home,192.12
50,1397,2025-01-19T10:15:00,/product/1,0
98,1398,2025-02-05T03:45:00,/checkout,0
292,1399,2025-04-24T20:05:00,/product/1,0
286,1400,2025-03-17T13:58:00,/home,115.31
346,1401,2025-03-25T12:10:00,/cart,33.36
93,1402,2025-04-11T02:50:00,/cart,0
337,1403,2025-01-29T19:05:00,/checkout,88.6
181,1404,2025-02-27T08:55:00,/checkout,64.93
191,1405,2025-03-17T01:33:00,/cart,64.69
124,1406,2025-04-13T12:25:00,/checkout,0
393,1407,2025-04-11T04:01:00,/product/2,0
232,1408,2025-03-23T11:09:00,/cart,0
18,1409,2025-02-21T18:55:00,/checkout,0
70,1410,2025-02-24T22:45:00,/home,0
114,1411,2025-02-09T02:34:00,/product/2,0
421,1412,2025-05-06T13:25:00,/product/2,102.25
293,1413,2025-04-15T01:24:00,/product/1,0
236,1414,2025-03-06T17:53:00,/product/1,0
188,1415,2025-04-16T23:28:00,/product/1,0
416,1416,2025-02-24T16:02:00,/home,0
292,1417,2025-02-09T13:59:00,/home,158.58
89,1418,2025-03-30T21:18:00,/checkout,19.07
329,1419,2025-02-24T16:26:00,/home,115.26
41,1420,2025-01-11T04:19:00,/product/2,0
419,1421,2025-03-21T01:30:00,/cart,24.11
395,1422,2025-02-11T06:32:00,/checkout,126.78
324,1423,2025-03-11T15:06:00,/home,0
22,1424,2025-02-28T03:06:00,/checkout,0
168,1425,2025-04-02T11:01:00,/product/1,0
345,1426,2025-05-14T04:18:00,/cart,150.57
295,1427,2025-04-02T21:11:00,/home,0
149,1428,2025-03-13T18:49:00,/product/1,0
43,1429,2025-03-28T15:02:00,/checkout,109.63
135,1430,2025-01-16T11:42:00,/cart,0
397,1431,2025-05-08T01:02:00,/product/1,96.18
102,1432,2025-03-30T19:29:00,/cart,0
101,1433,2025-04-13T03:46:00,/checkout,104.85
125,1434,2025-01-14T01:01:00,/product/2,64.68
474,1435,2025-04-15T20:39:00,/home,0
212,1436,2025-03-19T02:28:00,/product/2,0
165,1437,2025-03-04T17:15:00,/checkout,0
395,1438,2025-02-25T11:46:00,/product/1,123.24
412,1439,2025-03-22T12:02:00,/checkout,0
23,1440,2025-02-12T12:07:00,/product/1,0
80,1441,2025-05-18T22:35:00,/home,0
28,1442,2025-02-14T05:53:00,/checkout,173.75
420,1443,2025-02-22T08:54:00,/home,0
412,1444,2025-01-21T06:10:00,/product/2,0
12,1445,2025-03-02T09:59:00,/product/1,42.38
280,1446,2025-04-06T06:11:00,/product/2,0
319,1447,2025-05-13T21:05:00,/product/1,0
343,1448,2025-01-04T08:20:00,/cart,0
340,1449,2025-04-06T21:37:00,/home,0
31,1450,2025-02-21T16:52:00,/product/1,123.59
28,1451,2025-03-26T15:26:00,/home,0
339,1452,2025-02-19T09:22:00,/product/2,3.82
445,1453,2025-04-29T05:19:00,/cart,0
195,1454,2025-04-03T13:50:00,/home,96.93
306,1455,2025-04-07T18:25:00,/home,0
257,1456,2025-03-25T08:58:00,/checkout,4.3
127,1457,2025-04-07T09:03:00,/product/2,0
202,1458,2025-05-16T12:17:00,/product/1,0
351,1459,2025-03-06T01:31:00,/product/2,0
121,1460,2025-04-02T06:00:00,/product/2,125.16
450,1461,2025-03-12T11:34:00,/home,189.82
116,1462,2025-01-28T14:49:00,/product/2,131.39
45,1463,2025-05-13T20:56:00,/cart,0
348,1464,2025-04-22T11:49:00,/product/1,0
294,1465,2025-01-28T19:22:00,/cart,181.95
169,1466,2025-03-23T18:27:00,/checkout,0
335,1467,2025-01-26T05:27:00,/checkout,0
410,1468,2025-02-06T19:54:00,/product/1,0
362,1469,2025-04-06T08:32:00,/product/1,0
466,1470,2025-01-27T10:10:00,/checkout,63.5
286,1471,2025-04-08T00:32:00,/home,0
430,1472,2025-01-27T11:47:00,/home,176.03
212,1473,2025-03-16T20:47:00,/product/2,0
479,1474,2025-04-26T22:25:00,/product/2,0
97,1475,2025-01-20T10:29:00,/product/1,0
391,1476,2025-04-22T09:47:00,/checkout,0
291,1477,2025-04-22T11:27:00,/product/1,0
119,1478,2025-05-06T03:11:00,/home,0
353,1479,2025-03-28T18:18:00,/product/1,0
310,1480,2025-03-27T08:03:00,/product/2,0
199,1481,2025-03-31T11:09:00,/cart,0
99,1482,2025-02-11T04:36:00,/home,0
497,1483,2025-01-03T17:35:00,/product/2,44.51
344,1484,2025-02-06T22:11:00,/product/1,0
475,1485,2025-03-21T23:15:00,/checkout,0
167,1486,2025-03-25T07:02:00,/product/1,0
398,1487,2025-01-08T14:44:00,/checkout,76.07
161,1488,2025-03-13T18:04:00,/checkout,114.39
275,1489,2025-04-06T14:46:00,/home,0
232,1490,2025-03-25T04:13:00,/home,49.14
276,1491,2025-03-14T00:27:00,/home,0
265,1492,2025-04-25T19:20:00,/home,0
226,1493,2025-03-14T11:03:00,/product/2,57.18
86,1494,2025-03-18T21:45:00,/product/2,0
28,1495,2025-05-06T14:27:00,/checkout,92.72
331,1496,2025-03-24T05:29:00,/home,22.63
399,1497,2025-04-17T13:51:00,/checkout,0
212,1498,2025-02-28T21:13:00,/cart,0
233,1499,2025-04-18T11:07:00,/product/1,18.04
166,1500,2025-05-06T22:09:00,/product/1,24.71
59,1501,2025-05-09T13:33:00,/cart,0
44,1502,2025-04-06T08:35:00,/cart,195.04
314,1503,2025-01-30T02:36:00,/cart,0
23,1504,2025-02-01T02:36:00,/product/2,0
338,1505,2025-01-28T07:45:00,/product/1,35.77
365,1506,2025-01-10T08:10:00,/cart,0
374,1507,2025-03-23T05:43:00,/product/2,0
61,1508,2025-01-24T22:50:00,/product/1,0
392,1509,2025-02-16T01:51:00,/home,0
438,1510,2025-04-01T18:36:00,/checkout,121.6
253,1511,2025-02-13T07:18:00,/product/1,0
244,1512,2025-03-24T14:24:00,/cart,0
308,1513,2025-04-20T05:53:00,/home,0
281,1514,2025-02-20T15:05:00,/checkout,0
420,1515,2025-02-07T19:10:00,/home,0
29,1516,2025-04-29T22:12:00,/product/2,0
438,1517,2025-01-06T21:41:00,/checkout,59.69
472,1518,2025-01-16T23:10:00,/home,0
92,1519,2025-01-30T08:53:00,/product/2,0
355,1520,2025-05-08T09:40:00,/checkout,0
288,1521,2025-02-02T07:09:00,/cart,72.04
19,1522,2025-01-17T22:52:00,/product/2,0
460,1523,2025-03-10T23:36:00,/home,168.66
34,1524,2025-02-23T07:24:00,/cart,0
356,1525,2025-02-19T22:57:00,/product/2,0
269,1526,2025-02-08T04:49:00,/product/1,0
56,1527,2025-04-15T00:20:00,/checkout,96.73
353,1528,2025-04-21T02:18:00,/product/2,0
435,1529,2025-02-27T14:45:00,/product/2,0
320,1530,2025-03-06T10:00:00,/product/1,0
255,1531,2025-04-05T14:37:00,/cart,0
93,1532,2025-04-21T22:32:00,/product/1,195.85
1,1533,2025-01-22T12:27:00,/home,0
408,1534,2025-01-22T11:13:00,/product/1,199.8
212,1535,2025-01-09T06:45:00,/product/2,0
413,1536,2025-04-27T01:17:00,/product/1,0
104,1537,2025-05-06T14:43:00,/product/2,0
35,1538,2025-02-26T00:40:00,/product/2,0
166,1539,2025-01-02T02:47:00,/home,0
175,1540,2025-03-14T02:21:00,/checkout,0
15,1541,2025-02-01T23:20:00,/product/1,0
174,1542,2025-05-03T10:04:00,/cart,159.45
331,1543,2025-01-25T17:07:00,/cart,0
236,1544,2025-04-08T18:02:00,/product/2,0
417,1545,2025-03-17T08:35:00,/home,59.87
372,1546,2025-05-04T11:05:00,/product/2,0
10,1547,2025-02-07T21:54:00,/checkout,0
410,1548,2025-03-06T08:52:00,/home,56.09
16,1549,2025-03-03T17:46:00,/cart,0
432,1550,2025-01-31T05:07:00,/checkout,0
96,1551,2025-04-19T08:25:00,/home,150.31
362,1552,2025-02-27T06:04:00,/home,0
45,1553,2025-04-01T11:39:00,/product/1,0
425,1554,2025-02-25T02:12:00,/product/1,0
90,1555,2025-01-21T10:20:00,/product/2,155.56
468,1556,2025-01-17T20:35:00,/cart,0
410,1557,2025-03-29T20:47:00,/checkout,0
175,1558,2025-03-30T00:19:00,/checkout,0
168,1559,2025-01-27T02:03:00,/home,187.6
347,1560,2025-01-25T03:51:00,/product/1,91.87
366,1561,2025-04-06T02:09:00,/home,0
478,1562,2025-01-09T00:22:00,/checkout,66.66
456,1563,2025-01-09T09:35:00,/home,0
338,1564,2025-05-16T17:22:00,/product/2,0
389,1565,2025-02-26T19:46:00,/product/1,0
99,1566,2025-02-22T04:01:00,/product/2,0
396,1567,2025-03-22T07:15:00,/home,0
81,1568,2025-02-19T19:32:00,/home,0
319,1569,2025-04-12T21:02:00,/checkout,0
278,1570,2025-03-05T18:33:00,/checkout,0
73,1571,2025-05-09T05:22:00,/product/2,0
88,1572,2025-01-13T23:15:00,/product/2,0
174,1573,2025-04-09T09:49:00,/cart,0
15,1574,2025-03-27T16:40:00,/home,0
28,1575,2025-01-16T16:15:00,/cart,0
361,1576,2025-04-19T12:29:00,/checkout,0
354,1577,2025-05-08T07:34:00,/cart,0
160,1578,2025-03-02T11:58:00,/product/1,134.17
274,1579,2025-01-15T07:10:00,/cart,0
48,1580,2025-05-08T04:13:00,/cart,0
159,1581,2025-05-05T14:31:00,/cart,0
486,1582,2025-02-10T17:46:00,/product/1,123.39
468,1583,2025-03-08T03:56:00,/cart,0
470,1584,2025-05-02T02:13:00,/product/2,176.48
233,1585,2025-03-30T17:56:00,/home,0
58,1586,2025-03-05T23:28:00,/cart,0
88,1587,2025-02-21T09:12:00,/product/2,0
66,1588,2025-04-03T11:15:00,/home,0
366,1589,2025-01-20T11:24:00,/product/2,0
37,1590,2025-02-24T23:58:00,/checkout,0
303,1591,2025-03-17T06:21:00,/product/1,0
281,1592,2025-01-29T22:46:00,/cart,0
175,1593,2025-02-07T21:48:00,/checkout,0
223,1594,2025-04-14T06:11:00,/product/2,0
121,1595,2025-02-01T12:13:00,/home,142.38
429,1596,2025-03-30T14:07:00,/home,0
238,1597,2025-03-01T05:35:00,/checkout,0
228,1598,2025-02-02T01:42:00,/product/2,13.92
56,1599,2025-05-05T19:01:00,/checkout,75.78
254,1600,2025-04-28T10:00:00,/home,0
419,1601,2025-01-26T06:56:00,/checkout,127.23
1,1602,2025-05-18T19:43:00,/product/1,0
232,1603,2025-04-07T17:05:00,/product/2,0
296,1604,2025-03-23T09:40:00,/product/1,0
450,1605,2025-02-27T15:14:00,/product/2,0
468,1606,2025-05-04T17:02:00,/product/2,187.34
368,1607,2025-03-04T16:06:00,/home,0
314,1608,2025-04-03T22:04:00,/cart,170.5
32,1609,2025-03-09T05:09:00,/checkout,0.17
287,1610,2025-03-07T09:33:00,/home,173.14
121,1611,2025-03-20T14:11:00,/checkout,0
163,1612,2025-05-10T13:47:00,/cart,0
223,1613,2025-04-10T05:39:00,/product/1,0
244,1614,2025-01-26T07:36:00,/product/1,0
432,1615,2025-03-07T14:07:00,/cart,0
447,1616,2025-05-02T23:33:00,/product/1,0
37,1617,2025-04-29T00:51:00,/home,0
454,1618,2025-03-30T14:25:00,/cart,27.16
71,1619,2025-04-27T22:00:00,/cart,178.72
357,1620,2025-04-21T00:47:00,/cart,0
233,1621,2025-04-03T17:40:00,/cart,0
231,1622,2025-03-12T00:50:00,/product/2,0
218,1623,2025-04-21T01:25:00,/home,0
434,1624,2025-05-14T01:24:00,/product/1,53.85
475,1625,2025-04-10T10:14:00,/checkout,0
20,1626,2025-04-14T10:17:00,/cart,22.63
247,1627,2025-05-06T16:49:00,/home,0
375,1628,2025-04-06T19:54:00,/product/2,0
41,1629,2025-04-06T06:34:00,/checkout,0
242,1630,2025-04-25T19:24:00,/home,0
277,1631,2025-04-16T12:26:00,/product/2,0
463,1632,2025-03-04T12:58:00,/checkout,93.77
263,1633,2025-03-27T10:06:00,/checkout,84.2
492,1634,2025-02-23T15:12:00,/product/2,0
356,1635,2025-04-19T19:06:00,/product/2,112.74
32,1636,2025-04-25T13:27:00,/cart,0
294,1637,2025-01-10T09:31:00,/product/2,124.86
147,1638,2025-03-30T05:56:00,/home,0
40,1639,2025-02-20T13:56:00,/product/2,0
144,1640,2025-02-20T02:26:00,/product/2,0
58,1641,2025-04-20T22:08:00,/product/1,147.79
338,1642,2025-03-23T07:27:00,/product/2,52.25
359,1643,2025-02-12T23:57:00,/cart,0
271,1644,2025-01-07T00:34:00,/product/2,193.47
305,1645,2025-01-29T01:29:00,/cart,82.59
197,1646,2025-02-13T07:36:00,/cart,33.46
296,1647,2025-05-14T16:28:00,/product/2,0
136,1648,2025-05-18T12:45:00,/home,0
238,1649,2025-03-14T14:08:00,/cart,0
383,1650,2025-05-17T23:24:00,/checkout,0
350,1651,2025-05-09T10:50:00,/cart,0
75,1652,2025-04-07T13:32:00,/cart,0
475,1653,2025-03-23T16:55:00,/cart,0
493,1654,2025-04-07T12:42:00,/home,0
273,1655,2025-04-27T00:56:00,/product/2,86.36
471,1656,2025-04-29T16:55:00,/product/2,0
137,1657,2025-01-18T21:22:00,/product/2,0
201,1658,2025-03-25T22:36:00,/product/1,117.74
100,1659,2025-04-05T15:42:00,/product/2,0
93,1660,2025-02-27T00:41:00,/checkout,0
5,1661,2025-01-13T08:53:00,/home,0
269,1662,2025-01-19T21:58:00,/cart,0
372,1663,2025-02-21T13:44:00,/product/2,0
13,1664,2025-04-23T18:11:00,/home,0
305,1665,2025-04-30T12:45:00,/product/1,127.62
363,1666,2025-01-22T20:11:00,/home,25.98
337,1667,2025-04-28T22:44:00,/checkout,36.95
57,1668,2025-05-07T15:21:00,/product/1,0
240,1669,2025-05-01T05:40:00,/home,0
473,1670,2025-02-20T07:32:00,/cart,0
342,1671,2025-02-28T20:58:00,/product/2,0
38,1672,2025-02-20T11:29:00,/home,0
171,1673,2025-01-11T22:24:00,/product/2,52.93
226,1674,2025-01-13T15:12:00,/cart,40.13
202,1675,2025-02-02T11:37:00,/cart,0
277,1676,2025-03-20T12:10:00,/product/1,0
55,1677,2025-03-22T09:17:00,/product/2,0
38,1678,2025-01-13T19:38:00,/checkout,155.45
10,1679,2025-04-01T14:29:00,/product/1,0
1,1680,2025-01-07T21:18:00,/cart,0
359,1681,2025-03-02T01:03:00,/cart,0
264,1682,2025-05-09T19:34:00,/cart,0
207,1683,2025-05-13T11:39:00,/home,0
2,1684,2025-03-11T23:34:00,/cart,0
275,1685,2025-03-07T08:08:00,/product/2,0
206,1686,2025-01-11T01:08:00,/home,0
437,1687,2025-03-03T21:45:00,/home,152.09
149,1688,2025-04-28T22:14:00,/product/1,0
21,1689,2025-03-11T22:26:00,/product/1,0
200,1690,2025-01-20T10:28:00,/product/2,0
454,1691,2025-04-26T04:42:00,/cart,27.99
99,1692,2025-01-05T14:49:00,/checkout,0
200,1693,2025-01-12T11:13:00,/checkout,0
256,1694,2025-04-08T04:49:00,/cart,3.28
174,1695,2025-01-11T04:54:00,/product/2,8.56
61,1696,2025-02-08T12:50:00,/checkout,0
348,1697,2025-04-08T16:16:00,/product/1,46.6
37,1698,2025-01-07T17:07:00,/product/1,0
10,1699,2025-03-27T18:47:00,/checkout,0
360,1700,2025-04-29T02:35:00,/product/1,0
324,1701,2025-01-10T02:16:00,/product/2,19.46
313,1702,2025-02-01T01:45:00,/checkout,0
419,1703,2025-01-20T08:34:00,/home,0
410,1704,2025-04-23T01:43:00,/product/1,0
104,1705,2025-03-19T14:08:00,/product/2,196.44
348,1706,2025-03-15T04:24:00,/product/2,0
351,1707,2025-04-15T20:26:00,/checkout,0
429,1708,2025-02-08T19:37:00,/home,0
172,1709,2025-01-12T12:13:00,/home,0
388,1710,2025-03-17T13:50:00,/product/1,0
284,1711,2025-01-31T00:55:00,/cart,0
298,1712,2025-01-08T09:48:00,/product/1,0
434,1713,2025-04-26T02:06:00,/checkout,0
81,1714,2025-01-03T20:17:00,/cart,0
4,1715,2025-02-02T15:52:00,/home,118.75
146,1716,2025-03-17T18:30:00,/cart,0
106,1717,2025-01-27T01:09:00,/product/2,0
211,1718,2025-02-13T13:18:00,/product/1,0
20,1719,2025-04-19T13:09:00,/product/1,122.41
46,1720,2025-04-25T04:14:00,/product/2,0
3,1721,2025-04-12T12:40:00,/product/1,0
272,1722,2025-01-18T10:02:00,/checkout,0
390,1723,2025-04-09T06:05:00,/checkout,0
395,1724,2025-04-25T01:03:00,/product/1,0
100,1725,2025-01-21T12:18:00,/product/1,0
496,1726,2025-03-28T08:44:00,/cart,0
344,1727,2025-01-08T20:22:00,/home,0
146,1728,2025-02-08T03:42:00,/cart,0
316,1729,2025-05-19T01:32:00,/cart,0
380,1730,2025-01-10T13:11:00,/checkout,0
403,1731,2025-01-06T06:59:00,/cart,0
37,1732,2025-02-12T20:02:00,/cart,0
167,1733,2025-03-18T06:55:00,/product/1,179.67
118,1734,2025-01-21T01:10:00,/product/2,0
122,1735,2025-05-15T07:16:00,/cart,75.11
113,1736,2025-01-14T09:15:00,/cart,0
28,1737,2025-03-21T08:19:00,/product/1,0
313,1738,2025-03-24T19:53:00,/product/1,0
70,1739,2025-03-25T07:53:00,/product/1,0
500,1740,2025-02-19T02:18:00,/product/1,0
17,1741,2025-05-07T00:18:00,/checkout,0
70,1742,2025-01-21T05:26:00,/cart,0
88,1743,2025-05-19T09:58:00,/product/2,0
152,1744,2025-04-20T21:19:00,/product/1,127.6
314,1745,2025-01-31T22:27:00,/checkout,171.0
45,1746,2025-03-16T22:43:00,/checkout,0
111,1747,2025-04-18T16:39:00,/cart,55.83
374,1748,2025-03-19T22:26:00,/product/1,0
223,1749,2025-04-16T11:43:00,/product/1,118.35
77,1750,2025-04-15T10:32:00,/home,0
23,1751,2025-01-08T07:01:00,/cart,100.84
218,1752,2025-04-07T16:30:00,/cart,0
409,1753,2025-05-07T19:43:00,/home,0
124,1754,2025-01-16T03:01:00,/checkout,138.63
209,1755,2025-02-09T16:29:00,/product/1,0
123,1756,2025-04-28T21:34:00,/home,0
343,1757,2025-02-25T11:51:00,/product/1,171.58
383,1758,2025-04-17T06:02:00,/home,92.75
71,1759,2025-05-09T00:02:00,/cart,0
447,1760,2025-03-09T10:23:00,/cart,0.27
322,1761,2025-01-13T20:53:00,/cart,66.58
17,1762,2025-02-23T23:49:00,/cart,139.61
314,1763,2025-04-09T17:56:00,/checkout,157.54
42,1764,2025-04-23T22:48:00,/product/2,10.96
485,1765,2025-05-03T19:36:00,/product/2,22.19
188,1766,2025-03-26T17:09:00,/checkout,0
188,1767,2025-02-01T21:45:00,/checkout,112.15
397,1768,2025-02-07T06:24:00,/product/1,47.73
59,1769,2025-04-29T03:41:00,/cart,150.46
447,1770,2025-05-08T22:46:00,/product/1,152.18
165,1771,2025-03-06T05:01:00,/product/2,0
217,1772,2025-02-20T10:51:00,/home,0
177,1773,2025-03-24T08:36:00,/cart,0
425,1774,2025-01-23T08:07:00,/cart,135.66
273,1775,2025-02-23T04:55:00,/cart,0
410,1776,2025-05-03T13:43:00,/home,0
453,1777,2025-03-25T08:28:00,/home,0
460,1778,2025-02-02T13:14:00,/product/2,15.39
85,1779,2025-02-20T05:36:00,/home,0
255,1780,2025-01-28T09:32:00,/product/1,0
322,1781,2025-01-05T03:08:00,/product/2,0
350,1782,2025-04-09T13:33:00,/product/1,0
216,1783,2025-03-22T19:15:00,/home,0
33,1784,2025-01-05T00:16:00,/product/1,103.92
172,1785,2025-03-16T22:42:00,/checkout,0
331,1786,2025-03-01T09:39:00,/cart,0
357,1787,2025-04-07T12:19:00,/checkout,0
156,1788,2025-04-14T06:21:00,/product/1,61.3
405,1789,2025-02-17T07:59:00,/product/1,0
498,1790,2025-02-22T10:55:00,/home,0
146,1791,2025-03-24T23:58:00,/product/1,0
83,1792,2025-05-10T13:57:00,/checkout,0
499,1793,2025-02-01T22:09:00,/product/1,0
60,1794,2025-01-08T11:47:00,/product/2,0
226,1795,2025-02-17T09:44:00,/product/2,0
288,1796,2025-05-09T17:31:00,/home,0
177,1797,2025-01-27T22:22:00,/product/2,0
500,1798,2025-01-30T14:23:00,/checkout,0
472,1799,2025-01-05T12:53:00,/cart,153.7
486,1800,2025-03-25T09:12:00,/product/2,0
497,1801,2025-05-15T10:32:00,/checkout,66.26
362,1802,2025-02-23T19:18:00,/cart,193.92
387,1803,2025-04-15T10:39:00,/product/1,145.71
473,1804,2025-03-22T11:35:00,/product/2,0
375,1805,2025-03-29T04:42:00,/home,0
283,1806,2025-01-22T06:38:00,/product/2,0
317,1807,2025-02-10T02:47:00,/cart,0
168,1808,2025-01-11T00:26:00,/checkout,0
299,1809,2025-04-06T20:01:00,/product/1,153.42
101,1810,2025-01-05T02:30:00,/home,0
229,1811,2025-05-04T06:08:00,/home,78.88
252,1812,2025-02-27T20:18:00,/checkout,0
484,1813,2025-01-11T04:52:00,/product/2,0
367,1814,2025-03-19T20:23:00,/product/2,0
7,1815,2025-02-21T19:39:00,/product/2,0
229,1816,2025-04-13T03:11:00,/home,0
455,1817,2025-03-22T20:49:00,/cart,57.73
413,1818,2025-05-13T12:41:00,/cart,82.84
428,1819,2025-04-17T21:25:00,/checkout,0
107,1820,2025-02-25T04:50:00,/cart,105.06
172,1821,2025-01-13T00:51:00,/checkout,17.69
210,1822,2025-04-27T06:59:00,/product/2,0
285,1823,2025-03-26T03:01:00,/checkout,27.39
96,1824,2025-03-11T11:58:00,/product/2,0
22,1825,2025-02-24T23:25:00,/checkout,0
287,1826,2025-05-15T16:28:00,/cart,0
406,1827,2025-01-01T10:41:00,/product/1,0
490,1828,2025-04-27T14:37:00,/cart,0
341,1829,2025-02-22T08:55:00,/cart,0
465,1830,2025-05-06T05:13:00,/product/1,0
392,1831,2025-02-20T11:10:00,/cart,13.34
382,1832,2025-03-07T20:33:00,/checkout,0
224,1833,2025-02-16T22:49:00,/cart,163.66
192,1834,2025-04-04T07:15:00,/checkout,0
133,1835,2025-01-30T15:29:00,/checkout,0
164,1836,2025-03-25T22:19:00,/product/1,0
28,1837,2025-02-19T15:18:00,/product/2,0
467,1838,2025-03-06T19:19:00,/home,0
272,1839,2025-04-27T07:35:00,/home,0
393,1840,2025-04-25T07:54:00,/product/1,119.75
86,1841,2025-04-09T23:30:00,/product/2,165.36
351,1842,2025-02-24T19:24:00,/product/2,0
353,1843,2025-03-07T23:53:00,/home,0
181,1844,2025-01-27T03:54:00,/home,0
145,1845,2025-03-09T21:43:00,/cart,0
472,1846,2025-01-30T16:17:00,/home,0
258,1847,2025-02-10T06:03:00,/product/1,111.73
354,1848,2025-04-06T16:36:00,/checkout,140.45
411,1849,2025-01-21T17:55:00,/cart,0
40,1850,2025-01-22T05:16:00,/product/1,95.9
160,1851,2025-05-06T19:14:00,/product/2,0
227,1852,2025-04-19T19:10:00,/checkout,68.41
364,1853,2025-02-25T11:11:00,/home,23.72
66,1854,2025-05-07T09:11:00,/product/1,0
158,1855,2025-01-23T19:38:00,/product/1,0
41,1856,2025-03-19T08:00:00,/home,0
397,1857,2025-03-30T03:44:00,/cart,0
56,1858,2025-01-06T23:16:00,/checkout,0
241,1859,2025-01-22T15:34:00,/product/2,0
155,1860,2025-05-02T12:43:00,/home,156.47
472,1861,2025-04-20T13:16:00,/product/1,0
103,1862,2025-02-03T15:19:00,/product/2,0
75,1863,2025-05-16T20:11:00,/product/2,69.57
83,1864,2025-04-02T03:18:00,/checkout,0
292,1865,2025-01-13T10:34:00,/home,152.65
271,1866,2025-02-09T12:04:00,/product/1,34.35
387,1867,2025-04-08T18:44:00,/home,19.74
110,1868,2025-04-02T18:51:00,/cart,0
302,1869,2025-02-03T16:49:00,/cart,0
55,1870,2025-02-02T22:08:00,/product/2,84.82
264,1871,2025-02-11T10:11:00,/cart,0
161,1872,2025-01-23T12:05:00,/cart,0
70,1873,2025-04-01T06:15:00,/product/2,111.43
21,1874,2025-01-15T23:20:00,/product/2,0
198,1875,2025-02-21T15:07:00,/cart,0
160,1876,2025-05-06T01:45:00,/cart,0
209,1877,2025-02-22T21:36:00,/cart,0
36,1878,2025-03-28T14:15:00,/product/2,0
346,1879,2025-03-31T12:02:00,/home,0
268,1880,2025-04-30T21:14:00,/home,0
203,1881,2025-03-14T22:21:00,/checkout,148.29
457,1882,2025-01-31T17:09:00,/home,0
102,1883,2025-03-03T15:30:00,/product/1,0
207,1884,2025-01-23T08:21:00,/product/1,145.04
143,1885,2025-05-10T21:18:00,/checkout,0
388,1886,2025-04-28T04:56:00,/cart,0
342,1887,2025-04-20T19:16:00,/cart,102.28
76,1888,2025-03-24T18:19:00,/home,0
251,1889,2025-04-01T12:37:00,/product/1,0
69,1890,2025-01-06T09:51:00,/home,166.06
256,1891,2025-05-04T10:41:00,/home,76.53
348,1892,2025-03-01T12:29:00,/product/1,0
320,1893,2025-01-18T12:53:00,/home,0
267,1894,2025-03-31T14:24:00,/cart,0
339,1895,2025-04-01T15:21:00,/cart,0
278,1896,2025-03-04T13:16:00,/checkout,0
488,1897,2025-01-06T18:03:00,/cart,23.83
231,1898,2025-02-27T06:19:00,/cart,0
19,1899,2025-01-06T23:33:00,/product/1,0
441,1900,2025-02-25T04:01:00,/product/1,0
69,1901,2025-02-26T21:09:00,/cart,0
57,1902,2025-04-14T13:21:00,/cart,0
351,1903,2025-04-09T04:38:00,/checkout,0
288,1904,2025-01-29T10:55:00,/checkout,0
135,1905,2025-04-01T01:20:00,/checkout,123.39
181,1906,2025-02-21T18:43:00,/product/2,0
303,1907,2025-01-09T05:07:00,/product/1,69.78
380,1908,2025-04-17T07:23:00,/home,125.03
195,1909,2025-01-18T17:19:00,/cart,0
183,1910,2025-03-16T23:44:00,/product/2,0
126,1911,2025-02-15T01:50:00,/product/1,0
304,1912,2025-01-16T11:06:00,/home,22.89
87,1913,2025-01-04T14:07:00,/checkout,0
236,1914,2025-04-30T17:49:00,/cart,0
462,1915,2025-03-18T16:07:00,/product/2,0
241,1916,2025-04-18T00:57:00,/home,75.55
200,1917,2025-02-28T16:40:00,/checkout,0
251,1918,2025-01-19T05:09:00,/product/1,0
258,1919,2025-05-02T11:51:00,/product/2,0
154,1920,2025-03-08T03:25:00,/cart,0
326,1921,2025-01-14T17:04:00,/checkout,0
136,1922,2025-01-09T15:40:00,/product/2,80.41
116,1923,2025-04-24T16:47:00,/home,115.64
304,1924,2025-03-03T07:40:00,/product/2,0
411,1925,2025-04-07T16:15:00,/cart,0
178,1926,2025-01-14T22:56:00,/product/2,0
154,1927,2025-03-20T19:24:00,/checkout,0
213,1928,2025-03-15T05:40:00,/product/2,0
233,1929,2025-05-03T06:05:00,/checkout,0
10,1930,2025-04-25T07:05:00,/checkout,115.37
110,1931,2025-05-01T07:06:00,/cart,0
327,1932,2025-04-07T23:29:00,/checkout,181.37
479,1933,2025-04-14T01:24:00,/home,0
187,1934,2025-03-26T04:38:00,/product/1,0
383,1935,2025-05-05T18:09:00,/product/2,82.05
441,1936,2025-01-12T17:29:00,/product/1,53.39
147,1937,2025-04-28T14:36:00,/product/1,0
308,1938,2025-02-12T23:40:00,/cart,0
77,1939,2025-02-04T22:29:00,/home,0
424,1940,2025-02-26T12:46:00,/cart,0
224,1941,2025-03-18T19:49:00,/home,0
140,1942,2025-01-25T20:04:00,/home,0
412,1943,2025-02-20T13:36:00,/checkout,0
437,1944,2025-01-08T16:30:00,/cart,11.07
460,1945,2025-01-16T06:41:00,/product/2,0
444,1946,2025-01-12T13:47:00,/cart,134.33
454,1947,2025-01-17T10:33:00,/cart,144.85
72,1948,2025-02-12T23:16:00,/home,0
257,1949,2025-01-22T23:05:00,/checkout,0
298,1950,2025-04-06T14:53:00,/product/2,0
47,1951,2025-02-13T08:10:00,/checkout,0
414,1952,2025-02-27T01:18:00,/product/2,147.45
413,1953,2025-05-17T05:41:00,/product/1,43.6
55,1954,2025-02-01T21:15:00,/product/1,87.9
131,1955,2025-04-18T07:28:00,/home,0
192,1956,2025-05-08T08:40:00,/home,0
217,1957,2025-03-28T10:40:00,/product/1,175.89
480,1958,2025-01-27T09:07:00,/product/2,0
189,1959,2025-02-26T02:25:00,/home,0
464,1960,2025-04-21T06:50:00,/home,132.44
482,1961,2025-01-10T22:52:00,/product/1,0
197,1962,2025-02-26T07:12:00,/product/2,137.05
274,1963,2025-02-13T00:46:00,/cart,0
466,1964,2025-03-13T12:56:00,/product/2,0
480,1965,2025-05-18T17:55:00,/product/1,0
441,1966,2025-01-30T04:02:00,/cart,0
451,1967,2025-04-28T07:33:00,/cart,54.81
42,1968,2025-03-31T12:14:00,/cart,185.3
171,1969,2025-05-11T14:18:00,/cart,164.05
423,1970,2025-01-30T04:33:00,/product/2,0
181,1971,2025-03-18T14:48:00,/checkout,109.55
168,1972,2025-03-24T12:19:00,/home,128.27
95,1973,2025-04-25T17:11:00,/cart,27.22
206,1974,2025-02-06T10:08:00,/product/2,0
43,1975,2025-01-21T04:12:00,/product/1,0
366,1976,2025-04-29T04:18:00,/product/1,137.15
406,1977,2025-02-28T03:28:00,/cart,0
377,1978,2025-01-25T07:18:00,/product/2,0
304,1979,2025-03-01T15:13:00,/product/2,0
213,1980,2025-03-08T22:04:00,/product/1,0
194,1981,2025-04-14T20:04:00,/product/1,0
12,1982,2025-04-12T16:15:00,/checkout,0
465,1983,2025-01-17T04:44:00,/cart,0
360,1984,2025-01-31T17:18:00,/home,0
220,1985,2025-04-20T07:09:00,/product/2,0
491,1986,2025-03-08T23:28:00,/product/1,23.47
368,1987,2025-04-06T17:25:00,/cart,185.66
424,1988,2025-05-03T15:02:00,/cart,0
366,1989,2025-02-06T23:33:00,/product/1,162.68
137,1990,2025-02-22T10:07:00,/cart,0
221,1991,2025-02-07T14:40:00,/checkout,0
422,1992,2025-02-21T12:18:00,/product/1,0
210,1993,2025-01-27T13:38:00,/home,0
135,1994,2025-02-12T20:51:00,/checkout,0
128,1995,2025-03-09T06:58:00,/checkout,0
235,1996,2025-01-16T14:35:00,/home,0
447,1997,2025-02-28T20:16:00,/cart,0
366,1998,2025-03-11T19:31:00,/cart,51.25
49,1999,2025-04-12T09:34:00,/home,0
477,2000,2025-02-12T18:02:00,/cart,199.35
481,2001,2025-05-03T02:43:00,/checkout,161.97
3,2002,2025-02-16T04:14:00,/checkout,0
155,2003,2025-03-13T20:27:00,/product/2,0
457,2004,2025-04-12T20:45:00,/home,0
134,2005,2025-01-31T22:09:00,/checkout,0
174,2006,2025-03-27T05:05:00,/product/1,0
364,2007,2025-04-07T13:27:00,/cart,0
60,2008,2025-02-27T00:41:00,/home,99.84
499,2009,2025-02-21T03:42:00,/product/2,56.59
449,2010,2025-02-17T22:00:00,/checkout,185.34
265,2011,2025-02-26T23:33:00,/cart,63.11
252,2012,2025-01-28T12:53:00,/checkout,131.48
409,2013,2025-03-22T02:20:00,/home,0
28,2014,2025-02-11T20:16:00,/product/1,0
134,2015,2025-01-30T18:34:00,/cart,0
459,2016,2025-04-01T02:17:00,/home,0
364,2017,2025-04-13T02:24:00,/cart,0
58,2018,2025-05-12T00:41:00,/product/1,0
48,2019,2025-02-07T02:07:00,/product/2,0
87,2020,2025-05-17T12:31:00,/checkout,112.65
340,2021,2025-04-17T14:51:00,/product/1,0
498,2022,2025-01-01T18:01:00,/checkout,36.11
472,2023,2025-01-14T23:41:00,/product/1,135.38
455,2024,2025-03-01T19:55:00,/home,0
349,2025,2025-01-23T04:59:00,/cart,0
476,2026,2025-01-20T07:25:00,/product/2,0
42,2027,2025-03-25T18:47:00,/cart,0
490,2028,2025-02-19T00:40:00,/checkout,0
169,2029,2025-01-08T23:34:00,/checkout,64.98
375,2030,2025-05-14T16:17:00,/checkout,0
442,2031,2025-01-09T20:41:00,/product/2,0
29,2032,2025-05-16T09:42:00,/home,0
309,2033,2025-03-11T10:19:00,/home,0
92,2034,2025-02-13T16:55:00,/cart,0
437,2035,2025-02-07T21:44:00,/product/1,0
207,2036,2025-02-21T20:54:00,/product/1,0
252,2037,2025-03-20T17:00:00,/product/2,120.7
184,2038,2025-05-02T03:42:00,/home,102.53
251,2039,2025-03-23T02:10:00,/cart,0
289,2040,2025-04-20T06:55:00,/cart,0
217,2041,2025-03-09T00:50:00,/checkout,0
323,2042,2025-03-19T13:17:00,/home,0
175,2043,2025-03-26T09:10:00,/product/1,0
366,2044,2025-01-29T05:30:00,/cart,0
332,2045,2025-04-06T12:21:00,/home,0
224,2046,2025-01-15T09:57:00,/cart,0
66,2047,2025-05-05T13:48:00,/product/2,104.62
152,2048,2025-04-14T11:58:00,/home,0
470,2049,2025-01-09T05:01:00,/checkout,0
218,2050,2025-03-17T04:30:00,/home,0
369,2051,2025-04-14T11:43:00,/product/2,0
300,2052,2025-01-15T21:15:00,/checkout,0
380,2053,2025-05-01T10:28:00,/cart,0
94,2054,2025-03-13T12:51:00,/home,0
449,2055,2025-05-09T05:28:00,/product/2,0
371,2056,2025-03-24T19:55:00,/cart,0
136,2057,2025-03-04T03:18:00,/product/1,0
41,2058,2025-05-16T23:49:00,/checkout,0
345,2059,2025-01-20T08:33:00,/cart,0
3,2060,2025-03-13T21:29:00,/home,0
336,2061,2025-03-28T20:34:00,/cart,0
445,2062,2025-04-30T17:36:00,/checkout,60.56
417,2063,2025-04-23T06:35:00,/product/2,0
494,2064,2025-05-06T15:56:00,/cart,17.53
70,2065,2025-01-03T12:37:00,/product/1,0
9,2066,2025-05-07T17:00:00,/product/1,41.85
333,2067,2025-01-27T10:11:00,/product/1,0
321,2068,2025-04-09T01:06:00,/product/1,0
395,2069,2025-03-26T08:44:00,/product/1,0
12,2070,2025-01-22T04:48:00,/product/1,147.76
228,2071,2025-03-30T07:12:00,/cart,0
231,2072,2025-04-17T12:53:00,/product/1,0
292,2073,2025-03-13T07:30:00,/home,0
53,2074,2025-04-25T18:18:00,/cart,169.72
378,2075,2025-04-16T08:12:00,/checkout,199.81
19,2076,2025-03-30T17:54:00,/cart,0
303,2077,2025-05-12T21:53:00,/checkout,181.01
445,2078,2025-03-30T19:40:00,/product/1,105.66
217,2079,2025-04-15T22:20:00,/product/2,0
138,2080,2025-04-29T00:28:00,/cart,23.39
319,2081,2025-04-28T15:12:00,/product/2,0
224,2082,2025-01-04T18:54:00,/product/1,0
99,2083,2025-03-27T10:08:00,/product/2,0
260,2084,2025-02-09T23:53:00,/checkout,67.83
309,2085,2025-05-11T04:45:00,/cart,0
151,2086,2025-05-12T14:48:00,/cart,166.62
345,2087,2025-04-29T18:49:00,/product/2,159.95
433,2088,2025-01-30T11:54:00,/checkout,0
354,2089,2025-05-17T09:32:00,/home,0
67,2090,2025-02-01T13:07:00,/product/1,0
252,2091,2025-01-19T08:51:00,/cart,98.75
121,2092,2025-02-08T03:01:00,/checkout,0
10,2093,2025-03-07T07:33:00,/product/2,0
82,2094,2025-02-01T19:20:00,/checkout,0
33,2095,2025-03-03T11:35:00,/cart,0
117,2096,2025-01-22T23:17:00,/checkout,0
133,2097,2025-03-03T22:53:00,/product/2,154.02
286,2098,2025-02-18T16:41:00,/product/1,174.74
310,2099,2025-05-02T21:01:00,/home,185.33
225,2100,2025-03-25T05:15:00,/home,156.33
313,2101,2025-01-19T13:04:00,/checkout,0
54,2102,2025-01-31T09:50:00,/home,182.2
81,2103,2025-05-13T14:12:00,/product/2,152.39
256,2104,2025-05-14T08:34:00,/home,0
187,2105,2025-03-02T21:55:00,/product/1,0
104,2106,2025-03-21T22:29:00,/cart,1.32
428,2107,2025-03-28T05:28:00,/product/2,0
88,2108,2025-01-16T12:23:00,/product/2,0
387,2109,2025-03-17T13:12:00,/product/2,0
126,2110,2025-01-28T14:23:00,/checkout,0
117,2111,2025-01-26T02:54:00,/cart,0
210,2112,2025-03-25T12:19:00,/checkout,72.35
16,2113,2025-03-22T13:39:00,/product/1,143.53
265,2114,2025-01-13T16:00:00,/home,0
206,2115,2025-01-30T21:56:00,/cart,0
389,2116,2025-01-07T18:03:00,/product/1,11.56
324,2117,2025-05-10T20:45:00,/checkout,83.86
454,2118,2025-05-04T22:46:00,/checkout,144.31
161,2119,2025-03-04T15:38:00,/home,180.04
313,2120,2025-01-27T17:38:00,/cart,0
106,2121,2025-04-10T02:37:00,/checkout,130.41
358,2122,2025-03-04T20:25:00,/cart,176.19
44,2123,2025-01-07T17:31:00,/checkout,0
372,2124,2025-05-11T20:50:00,/product/1,0
277,2125,2025-02-21T16:29:00,/product/1,0
283,2126,2025-02-26T20:15:00,/checkout,0
326,2127,2025-01-30T03:10:00,/home,0
408,2128,2025-04-09T07:00:00,/checkout,0
427,2129,2025-02-25T07:56:00,/cart,22.09
31,2130,2025-03-09T21:34:00,/product/2,0
182,2131,2025-01-23T12:56:00,/home,188.27
230,2132,2025-02-24T05:48:00,/checkout,90.63
121,2133,2025-05-16T18:16:00,/checkout,0
458,2134,2025-04-25T06:39:00,/checkout,46.77
154,2135,2025-02-21T19:09:00,/checkout,0
366,2136,2025-03-10T18:02:00,/checkout,21.05
265,2137,2025-04-17T00:24:00,/product/1,72.25
51,2138,2025-01-27T16:18:00,/cart,16.39
32,2139,2025-03-19T08:21:00,/product/1,0
229,2140,2025-01-15T05:06:00,/product/2,0
207,2141,2025-04-18T02:03:00,/checkout,0
203,2142,2025-02-18T00:05:00,/checkout,0
217,2143,2025-03-22T02:44:00,/cart,83.38
84,2144,2025-01-27T06:39:00,/checkout,0
365,2145,2025-03-25T07:46:00,/product/1,102.64
271,2146,2025-01-22T11:48:00,/product/1,0
17,2147,2025-05-16T21:29:00,/product/1,73.87
488,2148,2025-01-22T14:53:00,/checkout,22.07
190,2149,2025-04-15T02:04:00,/product/2,0
79,2150,2025-01-22T10:25:00,/product/2,0
192,2151,2025-02-25T04:57:00,/product/2,0
406,2152,2025-01-27T00:12:00,/product/1,84.35
480,2153,2025-02-25T13:16:00,/product/2,0
420,2154,2025-05-15T15:37:00,/cart,0
281,2155,2025-03-05T11:16:00,/home,83.52
294,2156,2025-02-26T09:06:00,/checkout,0
173,2157,2025-03-10T16:28:00,/cart,166.74
68,2158,2025-05-19T17:00:00,/product/1,0
236,2159,2025-05-19T15:49:00,/cart,0
77,2160,2025-05-13T12:05:00,/product/2,0
320,2161,2025-05-01T23:15:00,/checkout,0
120,2162,2025-03-13T23:30:00,/product/2,0
491,2163,2025-05-03T01:12:00,/cart,129.18
444,2164,2025-01-31T03:34:00,/home,0
408,2165,2025-05-09T18:40:00,/product/2,0
64,2166,2025-04-28T05:18:00,/checkout,0
490,2167,2025-04-23T15:09:00,/checkout,0
28,2168,2025-04-14T19:26:00,/checkout,0
244,2169,2025-04-02T12:03:00,/home,0
480,2170,2025-04-07T19:43:00,/product/1,54.99
106,2171,2025-02-14T15:40:00,/checkout,0
414,2172,2025-04-08T03:05:00,/checkout,0
302,2173,2025-01-09T04:32:00,/cart,4.65
224,2174,2025-02-02T20:39:00,/cart,0
271,2175,2025-02-27T18:39:00,/cart,0
59,2176,2025-01-19T01:59:00,/checkout,0
74,2177,2025-02-03T06:05:00,/product/2,30.85
488,2178,2025-03-16T03:25:00,/product/1,0
493,2179,2025-03-01T05:13:00,/product/1,0
30,2180,2025-02-24T06:05:00,/cart,0
73,2181,2025-03-17T03:39:00,/product/2,0
483,2182,2025-01-23T00:30:00,/home,0
386,2183,2025-04-19T16:21:00,/checkout,0
261,2184,2025-05-17T23:14:00,/checkout,0
59,2185,2025-02-19T00:32:00,/home,0
284,2186,2025-03-16T02:32:00,/home,0
209,2187,2025-04-26T07:59:00,/product/1,3.72
284,2188,2025-04-17T17:01:00,/home,0
285,2189,2025-04-29T14:40:00,/product/1,0
209,2190,2025-03-23T04:31:00,/home,100.09
401,2191,2025-01-26T22:00:00,/product/2,0
87,2192,2025-02-14T15:07:00,/checkout,192.27
285,2193,2025-03-24T05:41:00,/home,0
238,2194,2025-04-24T00:00:00,/product/2,0
86,2195,2025-01-01T02:22:00,/home,96.44
307,2196,2025-02-15T16:09:00,/cart,168.49
109,2197,2025-04-17T12:35:00,/checkout,0
83,2198,2025-05-15T13:32:00,/checkout,0
154,2199,2025-01-17T07:58:00,/cart,0
426,2200,2025-01-26T10:08:00,/checkout,175.66
108,2201,2025-04-22T03:04:00,/checkout,63.66
350,2202,2025-03-04T08:59:00,/product/2,141.55
140,2203,2025-02-14T18:28:00,/product/2,0
236,2204,2025-04-20T03:18:00,/product/2,0
355,2205,2025-01-25T08:15:00,/home,0
3,2206,2025-01-02T17:50:00,/product/1,0
459,2207,2025-05-07T19:00:00,/cart,107.63
404,2208,2025-04-29T03:56:00,/home,0
457,2209,2025-05-03T06:19:00,/cart,0
181,2210,2025-03-10T12:24:00,/checkout,0
91,2211,2025-05-07T21:22:00,/home,0
190,2212,2025-02-05T03:11:00,/cart,0
381,2213,2025-01-04T14:25:00,/product/2,0
364,2214,2025-03-07T03:20:00,/product/1,0
315,2215,2025-04-24T19:42:00,/product/2,44.23
253,2216,2025-03-08T01:58:00,/home,0
464,2217,2025-05-09T04:01:00,/checkout,0
101,2218,2025-04-27T05:22:00,/cart,0
143,2219,2025-04-14T14:26:00,/checkout,0
283,2220,2025-02-05T06:35:00,/checkout,0
309,2221,2025-04-13T21:08:00,/product/1,0
66,2222,2025-05-16T19:12:00,/home,0
478,2223,2025-04-14T17:56:00,/product/1,145.78
141,2224,2025-02-04T22:12:00,/home,138.6
273,2225,2025-04-22T20:36:00,/product/2,0
453,2226,2025-03-24T15:14:00,/home,128.19
483,2227,2025-04-29T08:01:00,/home,64.6
433,2228,2025-03-16T01:40:00,/product/2,0
266,2229,2025-03-26T22:32:00,/cart,0
389,2230,2025-01-08T21:54:00,/product/1,0
471,2231,2025-03-18T11:16:00,/checkout,0
3,2232,2025-03-13T08:03:00,/product/1,0
451,2233,2025-04-15T02:19:00,/home,45.13
354,2234,2025-03-19T03:41:00,/home,39.38
169,2235,2025-02-26T13:55:00,/home,0
50,2236,2025-01-06T01:46:00,/cart,0
13,2237,2025-04-18T20:48:00,/product/2,49.43
243,2238,2025-02-13T09:24:00,/product/2,164.33
267,2239,2025-02-13T02:20:00,/home,123.91
392,2240,2025-01-18T09:59:00,/cart,0
44,2241,2025-01-12T01:08:00,/home,0
456,2242,2025-05-07T05:21:00,/home,12.4
411,2243,2025-03-22T10:46:00,/home,0
321,2244,2025-03-20T14:44:00,/home,0
29,2245,2025-04-12T19:26:00,/home,0
196,2246,2025-03-15T02:58:00,/home,0
211,2247,2025-02-12T10:28:00,/checkout,124.8
233,2248,2025-03-11T21:22:00,/cart,175.99
318,2249,2025-01-19T10:29:00,/product/2,0
346,2250,2025-01-05T17:28:00,/cart,0
301,2251,2025-02-05T00:57:00,/home,0
305,2252,2025-05-10T20:27:00,/home,0
431,2253,2025-02-05T05:54:00,/checkout,0
261,2254,2025-02-16T15:43:00,/product/2,0
372,2255,2025-04-24T00:32:00,/cart,0
71,2256,2025-01-09T00:32:00,/home,0
300,2257,2025-03-21T08:14:00,/checkout,150.87
160,2258,2025-04-17T06:04:00,/checkout,29.48
159,2259,2025-04-20T19:59:00,/product/2,0
497,2260,2025-01-02T11:18:00,/checkout,0
348,2261,2025-01-27T07:46:00,/home,0
420,2262,2025-04-12T20:16:00,/home,0
101,2263,2025-02-06T11:26:00,/product/1,68.31
342,2264,2025-03-28T14:28:00,/cart,0
170,2265,2025-04-16T07:06:00,/checkout,123.22
215,2266,2025-03-01T19:45:00,/product/1,0
449,2267,2025-01-08T16:20:00,/cart,0
2,2268,2025-04-27T06:48:00,/product/1,0
239,2269,2025-04-24T13:56:00,/product/1,0
377,2270,2025-03-02T08:24:00,/cart,0
95,2271,2025-01-02T05:23:00,/product/2,0
184,2272,2025-01-06T11:08:00,/checkout,0
149,2273,2025-03-22T04:10:00,/product/1,0
468,2274,2025-03-07T12:28:00,/home,39.82
146,2275,2025-02-01T16:51:00,/product/1,143.77
174,2276,2025-04-11T22:40:00,/product/1,0
12,2277,2025-02-02T01:17:00,/product/2,4.2
347,2278,2025-01-25T23:37:00,/cart,0
454,2279,2025-01-21T04:49:00,/product/2,61.01
123,2280,2025-03-09T06:59:00,/product/2,0
482,2281,2025-04-06T22:10:00,/checkout,175.68
34,2282,2025-01-22T13:42:00,/product/1,26.16
98,2283,2025-02-04T21:28:00,/checkout,0
192,2284,2025-02-27T21:09:00,/checkout,0
326,2285,2025-02-14T12:27:00,/home,117.47
438,2286,2025-04-08T11:29:00,/product/2,65.54
28,2287,2025-04-25T14:08:00,/product/2,170.3
496,2288,2025-04-17T07:53:00,/cart,0
42,2289,2025-03-27T16:22:00,/checkout,0
261,2290,2025-03-12T15:42:00,/checkout,0
266,2291,2025-03-26T12:24:00,/product/1,0
192,2292,2025-04-06T15:50:00,/cart,98.96
138,2293,2025-04-16T19:14:00,/cart,0
405,2294,2025-04-17T07:27:00,/home,0
459,2295,2025-02-06T22:55:00,/cart,79.18
157,2296,2025-03-19T08:57:00,/cart,0
479,2297,2025-03-10T02:29:00,/product/2,0
69,2298,2025-05-17T19:53:00,/home,0
266,2299,2025-03-06T00:03:00,/product/1,0
239,2300,2025-04-04T06:06:00,/checkout,0
231,2301,2025-03-27T02:45:00,/cart,0
412,2302,2025-04-01T13:47:00,/product/2,0
13,2303,2025-02-02T16:32:00,/cart,0
331,2304,2025-01-14T19:33:00,/product/2,58.9
257,2305,2025-04-04T08:25:00,/checkout,0
403,2306,2025-02-20T07:43:00,/product/1,0
37,2307,2025-03-07T13:53:00,/home,0
171,2308,2025-02-05T19:09:00,/product/2,0
382,2309,2025-05-05T10:25:00,/product/2,0
310,2310,2025-01-26T02:20:00,/checkout,1.71
154,2311,2025-02-21T07:24:00,/product/2,80.76
208,2312,2025-04-16T13:51:00,/home,0
263,2313,2025-05-19T13:33:00,/product/1,45.52
371,2314,2025-05-17T09:01:00,/product/1,0
265,2315,2025-04-17T20:39:00,/checkout,144.5
237,2316,2025-03-04T00:21:00,/home,0
97,2317,2025-03-20T01:25:00,/cart,0
231,2318,2025-04-12T15:53:00,/home,0
296,2319,2025-01-24T08:45:00,/product/2,1.94
415,2320,2025-04-30T22:33:00,/product/2,0
215,2321,2025-03-19T11:59:00,/cart,138.1
154,2322,2025-03-01T08:39:00,/checkout,0
403,2323,2025-01-06T20:43:00,/product/1,0
488,2324,2025-03-02T02:53:00,/checkout,0
309,2325,2025-04-21T15:40:00,/checkout,196.03
105,2326,2025-03-13T02:42:00,/home,0
97,2327,2025-03-28T10:20:00,/home,0
493,2328,2025-03-24T04:47:00,/product/2,0
54,2329,2025-05-03T20:37:00,/checkout,0
424,2330,2025-05-06T10:23:00,/checkout,0
96,2331,2025-02-06T05:26:00,/home,77.18
106,2332,2025-02-12T10:09:00,/product/2,0
36,2333,2025-03-24T18:27:00,/home,0
6,2334,2025-02-01T06:43:00,/product/2,82.17
81,2335,2025-01-21T03:50:00,/product/1,0
245,2336,2025-05-16T06:50:00,/home,0
463,2337,2025-02-07T14:07:00,/product/1,61.95
419,2338,2025-05-10T04:36:00,/cart,0
295,2339,2025-02-26T11:46:00,/checkout,0
367,2340,2025-05-05T16:05:00,/cart,0
4,2341,2025-01-26T23:25:00,/cart,0
205,2342,2025-04-21T02:37:00,/product/1,0
467,2343,2025-04-14T14:59:00,/cart,0
295,2344,2025-01-08T02:45:00,/home,0
452,2345,2025-03-25T01:38:00,/product/2,142.33
153,2346,2025-03-13T04:41:00,/checkout,169.97
213,2347,2025-02-15T08:29:00,/product/1,146.65
235,2348,2025-03-12T00:37:00,/product/1,0
49,2349,2025-03-13T15:27:00,/home,0
446,2350,2025-01-29T18:00:00,/product/2,107.55
342,2351,2025-01-13T03:36:00,/product/1,82.26
391,2352,2025-04-11T15:19:00,/home,15.31
54,2353,2025-04-02T19:44:00,/product/2,0
85,2354,2025-02-16T00:21:00,/product/1,0
237,2355,2025-01-05T20:43:00,/home,0
346,2356,2025-05-17T11:38:00,/cart,0
382,2357,2025-03-14T16:45:00,/product/1,0
6,2358,2025-02-15T14:54:00,/home,27.3
344,2359,2025-05-17T07:00:00,/cart,0
35,2360,2025-01-16T00:39:00,/checkout,0
366,2361,2025-03-21T16:26:00,/product/1,0
143,2362,2025-01-30T09:01:00,/product/1,121.4
91,2363,2025-02-23T13:08:00,/home,0
201,2364,2025-01-31T15:59:00,/home,0
6,2365,2025-05-04T07:31:00,/product/2,0
184,2366,2025-02-02T09:25:00,/product/1,178.54
273,2367,2025-02-09T08:26:00,/cart,0
429,2368,2025-04-26T13:26:00,/checkout,0
367,2369,2025-05-01T03:45:00,/home,0
158,2370,2025-03-22T19:48:00,/home,0
25,2371,2025-03-10T16:51:00,/product/1,74.93
123,2372,2025-02-06T09:45:00,/home,0
15,2373,2025-01-03T15:36:00,/product/2,135.99
33,2374,2025-02-10T03:40:00,/home,166.09
86,2375,2025-05-12T19:15:00,/product/1,0
263,2376,2025-01-20T14:28:00,/product/2,0
321,2377,2025-02-04T12:08:00,/checkout,0
278,2378,2025-03-13T22:03:00,/cart,0
110,2379,2025-01-20T06:37:00,/product/2,0
8,2380,2025-03-15T04:58:00,/product/2,0
109,2381,2025-03-25T12:25:00,/product/1,0
418,2382,2025-02-20T16:35:00,/checkout,0
35,2383,2025-02-09T18:54:00,/cart,0
307,2384,2025-04-01T22:40:00,/home,158.25
473,2385,2025-04-14T14:53:00,/product/1,0
49,2386,2025-04-20T04:51:00,/product/2,139.26
348,2387,2025-05-07T06:54:00,/product/1,0
326,2388,2025-05-19T15:59:00,/product/2,133.27
35,2389,2025-03-03T00:05:00,/home,0
300,2390,2025-03-23T17:19:00,/cart,0
380,2391,2025-02-12T07:28:00,/checkout,0
7,2392,2025-02-12T08:16:00,/home,0
460,2393,2025-01-23T14:00:00,/product/2,0
220,2394,2025-05-18T20:27:00,/product/1,0
31,2395,2025-01-26T00:59:00,/product/2,0
104,2396,2025-01-28T14:39:00,/cart,0
20,2397,2025-02-13T08:07:00,/checkout,88.75
450,2398,2025-03-01T20:04:00,/product/1,0
330,2399,2025-05-19T10:38:00,/home,0
213,2400,2025-04-28T23:21:00,/product/2,45.8
376,2401,2025-03-02T07:20:00,/product/2,0
277,2402,2025-01-10T20:15:00,/product/1,139.26
114,2403,2025-04-21T16:40:00,/cart,0
94,2404,2025-03-22T12:42:00,/home,0
252,2405,2025-01-13T17:46:00,/product/1,0
73,2406,2025-02-07T04:15:00,/product/1,0
304,2407,2025-04-10T21:56:00,/product/1,0
41,2408,2025-03-19T14:16:00,/cart,0
370,2409,2025-02-05T23:02:00,/product/1,0
311,2410,2025-02-15T07:45:00,/product/2,0
230,2411,2025-04-26T16:59:00,/product/1,0
401,2412,2025-03-29T14:16:00,/home,71.92
194,2413,2025-01-31T12:58:00,/cart,0
259,2414,2025-04-21T22:29:00,/cart,163.92
407,2415,2025-03-29T17:53:00,/home,85.48
43,2416,2025-05-19T03:30:00,/product/2,0
79,2417,2025-04-11T15:26:00,/product/1,0
238,2418,2025-02-25T16:16:00,/cart,0
288,2419,2025-04-21T07:45:00,/cart,0
70,2420,2025-05-11T03:17:00,/cart,0
470,2421,2025-02-04T12:29:00,/home,0
257,2422,2025-05-13T23:01:00,/product/2,0
474,2423,2025-03-17T16:44:00,/cart,74.63
251,2424,2025-02-26T00:50:00,/checkout,0
454,2425,2025-01-08T01:38:00,/home,0
290,2426,2025-01-30T13:22:00,/product/1,191.42
395,2427,2025-05-17T19:41:00,/product/2,0
251,2428,2025-04-26T14:16:00,/product/2,0
334,2429,2025-03-12T03:32:00,/cart,48.47
18,2430,2025-03-07T19:02:00,/home,0
331,2431,2025-01-27T22:06:00,/product/2,0
484,2432,2025-05-04T23:37:00,/product/1,0
309,2433,2025-04-16T06:48:00,/product/1,0
395,2434,2025-01-17T19:17:00,/cart,0
301,2435,2025-01-15T15:02:00,/checkout,175.2
85,2436,2025-03-19T17:01:00,/product/2,0
257,2437,2025-04-08T01:35:00,/cart,0
376,2438,2025-03-16T22:20:00,/home,0
294,2439,2025-03-04T16:40:00,/product/1,0
108,2440,2025-05-17T05:19:00,/cart,0
4,2441,2025-01-31T15:44:00,/cart,0
36,2442,2025-05-07T18:15:00,/cart,0
336,2443,2025-02-22T11:46:00,/cart,0
192,2444,2025-02-03T22:23:00,/product/1,0
94,2445,2025-04-02T11:57:00,/home,0
417,2446,2025-02-08T16:44:00,/product/1,0
384,2447,2025-02-03T06:21:00,/product/1,0
462,2448,2025-03-16T10:02:00,/cart,0
320,2449,2025-01-20T21:04:00,/product/1,0
44,2450,2025-03-10T18:19:00,/home,0
176,2451,2025-01-06T09:36:00,/checkout,0
249,2452,2025-05-03T11:31:00,/home,0
137,2453,2025-05-17T20:39:00,/home,0
405,2454,2025-01-08T14:53:00,/home,0
406,2455,2025-01-02T07:43:00,/cart,0
493,2456,2025-05-19T14:26:00,/product/2,94.65
173,2457,2025-04-21T00:32:00,/cart,0
350,2458,2025-03-04T10:55:00,/product/2,188.2
341,2459,2025-03-14T12:56:00,/cart,0
500,2460,2025-03-06T19:30:00,/product/2,0.62
446,2461,2025-05-08T02:57:00,/cart,177.59
72,2462,2025-01-05T16:11:00,/checkout,0
272,2463,2025-02-20T21:00:00,/product/1,0
317,2464,2025-05-05T21:59:00,/cart,0
339,2465,2025-02-04T05:06:00,/home,191.51
417,2466,2025-02-28T15:38:00,/home,0
448,2467,2025-01-09T07:54:00,/product/2,0
120,2468,2025-04-21T10:59:00,/cart,0
314,2469,2025-01-15T19:30:00,/product/2,0
477,2470,2025-03-28T16:12:00,/home,58.77
100,2471,2025-05-10T14:31:00,/product/1,175.25
402,2472,2025-05-11T11:09:00,/checkout,0
255,2473,2025-01-16T20:30:00,/product/2,199.26
448,2474,2025-03-26T23:29:00,/product/1,191.01
247,2475,2025-05-01T15:07:00,/checkout,0
109,2476,2025-02-01T00:37:00,/home,0
367,2477,2025-01-06T07:40:00,/product/1,65.3
197,2478,2025-02-21T00:54:00,/product/1,133.19
488,2479,2025-05-03T01:54:00,/home,0
473,2480,2025-04-08T07:27:00,/cart,0
355,2481,2025-03-02T14:01:00,/product/1,153.27
308,2482,2025-01-12T18:32:00,/product/2,0
368,2483,2025-05-16T06:04:00,/cart,0
402,2484,2025-04-13T06:58:00,/cart,44.71
60,2485,2025-02-22T23:17:00,/home,0
175,2486,2025-05-15T19:38:00,/checkout,148.92
60,2487,2025-04-15T06:46:00,/product/2,0
161,2488,2025-03-11T05:05:00,/checkout,62.16
303,2489,2025-04-08T12:05:00,/product/1,195.97
164,2490,2025-03-08T10:48:00,/product/1,0
309,2491,2025-04-18T13:08:00,/product/1,0
5,2492,2025-04-08T23:50:00,/cart,0
418,2493,2025-02-24T00:50:00,/product/1,0
234,2494,2025-01-27T20:06:00,/checkout,0
383,2495,2025-05-02T02:57:00,/home,0
159,2496,2025-04-02T10:55:00,/home,0
435,2497,2025-05-09T14:50:00,/checkout,0
425,2498,2025-02-09T06:25:00,/cart,0
495,2499,2025-03-10T13:51:00,/home,66.63
424,2500,2025-05-11T11:35:00,/product/1,186.89
116,2501,2025-05-08T12:07:00,/home,155.21
439,2502,2025-03-30T17:56:00,/cart,0
418,2503,2025-05-01T00:18:00,/product/1,109.59
173,2504,2025-03-18T21:39:00,/cart,151.54
201,2505,2025-01-14T01:48:00,/checkout,56.47
473,2506,2025-02-05T12:22:00,/checkout,0
68,2507,2025-02-28T21:02:00,/checkout,10.82
479,2508,2025-05-10T04:14:00,/product/2,0
84,2509,2025-04-16T01:38:00,/product/1,0
248,2510,2025-02-22T23:45:00,/product/1,0
412,2511,2025-05-17T05:43:00,/product/1,1.83
372,2512,2025-04-15T19:11:00,/home,0
440,2513,2025-01-27T20:53:00,/cart,85.42
431,2514,2025-01-31T14:58:00,/home,0
499,2515,2025-03-28T06:23:00,/product/1,23.47
264,2516,2025-04-29T08:19:00,/product/2,0
497,2517,2025-01-28T01:06:00,/cart,0
61,2518,2025-02-13T20:18:00,/cart,0
353,2519,2025-04-19T12:38:00,/product/1,0
193,2520,2025-05-06T22:29:00,/home,172.98
333,2521,2025-03-11T13:25:00,/product/2,0
228,2522,2025-03-08T20:51:00,/home,0
43,2523,2025-01-23T05:15:00,/cart,0
466,2524,2025-04-03T19:07:00,/product/1,0
294,2525,2025-04-15T05:51:00,/cart,0
382,2526,2025-01-18T05:06:00,/checkout,0
248,2527,2025-04-28T08:17:00,/cart,0
65,2528,2025-01-19T02:27:00,/product/2,0
466,2529,2025-04-08T20:25:00,/product/1,0
359,2530,2025-01-04T14:16:00,/cart,0
275,2531,2025-04-07T11:59:00,/cart,0
429,2532,2025-04-17T10:41:00,/checkout,158.01
64,2533,2025-05-18T04:07:00,/product/1,179.52
93,2534,2025-04-20T01:31:00,/product/1,0
229,2535,2025-02-27T05:10:00,/home,0
295,2536,2025-02-07T13:01:00,/product/1,0
132,2537,2025-05-18T02:12:00,/home,0
64,2538,2025-04-03T03:23:00,/product/2,0
279,2539,2025-02-01T05:44:00,/cart,131.63
128,2540,2025-02-24T17:20:00,/home,103.89
401,2541,2025-02-23T09:52:00,/checkout,0
296,2542,2025-03-31T06:46:00,/product/2,0
181,2543,2025-04-21T08:24:00,/checkout,0
353,2544,2025-01-19T00:34:00,/home,0
97,2545,2025-01-26T18:57:00,/product/2,43.04
69,2546,2025-04-20T14:48:00,/checkout,0
184,2547,2025-02-20T11:57:00,/product/1,84.4
282,2548,2025-02-16T09:58:00,/product/2,0
463,2549,2025-01-30T17:33:00,/cart,0
484,2550,2025-02-16T06:31:00,/cart,28.65
105,2551,2025-01-13T20:16:00,/product/2,139.36
99,2552,2025-05-11T01:27:00,/product/2,0
332,2553,2025-04-04T02:27:00,/checkout,0
421,2554,2025-01-28T22:36:00,/product/2,86.73
14,2555,2025-04-20T21:12:00,/product/1,0
64,2556,2025-04-07T18:01:00,/home,0
209,2557,2025-01-13T00:10:00,/product/2,0
186,2558,2025-03-02T17:09:00,/product/2,0
409,2559,2025-02-11T02:23:00,/product/2,0
194,2560,2025-02-10T10:55:00,/cart,156.55
64,2561,2025-02-01T23:46:00,/checkout,61.31
421,2562,2025-03-31T03:10:00,/home,0
359,2563,2025-04-15T03:47:00,/product/2,0
312,2564,2025-01-19T00:49:00,/home,0
485,2565,2025-05-17T20:58:00,/cart,0
413,2566,2025-05-15T22:46:00,/checkout,0
452,2567,2025-03-15T07:12:00,/cart,0
133,2568,2025-01-02T17:29:00,/checkout,131.51
74,2569,2025-03-10T23:00:00,/checkout,10.57
372,2570,2025-04-27T08:40:00,/product/2,49.82
312,2571,2025-03-18T03:20:00,/cart,0
182,2572,2025-03-27T07:37:00,/checkout,0
488,2573,2025-03-19T20:56:00,/checkout,176.28
417,2574,2025-02-11T15:29:00,/product/2,0
45,2575,2025-02-25T15:27:00,/cart,169.05
325,2576,2025-01-15T11:13:00,/home,188.97
85,2577,2025-04-15T17:35:00,/home,0
147,2578,2025-04-11T21:09:00,/cart,2.14
486,2579,2025-03-19T04:24:00,/checkout,27.29
255,2580,2025-04-04T18:07:00,/checkout,0
208,2581,2025-01-03T12:43:00,/checkout,0
426,2582,2025-05-16T18:57:00,/home,140.52
384,2583,2025-03-04T19:35:00,/product/1,132.23
472,2584,2025-04-07T03:21:00,/checkout,0
230,2585,2025-01-31T16:19:00,/checkout,34.96
188,2586,2025-01-25T06:28:00,/checkout,0
27,2587,2025-03-18T22:54:00,/cart,0
192,2588,2025-01-21T14:43:00,/product/2,49.95
277,2589,2025-01-22T10:57:00,/product/2,0
151,2590,2025-02-18T04:42:00,/product/1,0
324,2591,2025-04-14T13:18:00,/cart,0
157,2592,2025-04-28T01:11:00,/checkout,7.09
238,2593,2025-04-23T10:59:00,/cart,0
4,2594,2025-04-23T01:17:00,/cart,0
182,2595,2025-01-20T12:12:00,/home,0
370,2596,2025-02-03T21:20:00,/cart,0
52,2597,2025-03-20T10:12:00,/cart,0
271,2598,2025-04-04T15:05:00,/product/1,0
468,2599,2025-03-30T17:32:00,/home,0
337,2600,2025-02-15T12:51:00,/product/1,0
192,2601,2025-02-24T11:35:00,/product/2,0
94,2602,2025-04-08T15:41:00,/product/2,0
225,2603,2025-04-30T11:19:00,/cart,0
182,2604,2025-05-17T00:05:00,/cart,0
453,2605,2025-05-10T02:37:00,/product/1,0
146,2606,2025-01-08T07:52:00,/product/1,0
381,2607,2025-03-02T07:05:00,/home,0
102,2608,2025-03-29T06:04:00,/product/2,0
251,2609,2025-04-11T03:31:00,/cart,142.86
167,2610,2025-05-17T17:33:00,/cart,0
473,2611,2025-05-16T01:22:00,/cart,0
491,2612,2025-01-20T15:19:00,/home,0
177,2613,2025-04-02T00:32:00,/home,47.3
348,2614,2025-03-04T06:50:00,/cart,147.49
223,2615,2025-03-29T09:59:00,/product/2,0
43,2616,2025-05-19T12:25:00,/cart,0
79,2617,2025-05-13T18:08:00,/checkout,0
144,2618,2025-01-21T22:31:00,/product/2,49.47
421,2619,2025-03-20T03:01:00,/product/1,0
401,2620,2025-01-19T18:17:00,/checkout,0
97,2621,2025-04-18T14:58:00,/product/1,0
68,2622,2025-03-15T01:13:00,/home,0
99,2623,2025-01-27T14:47:00,/cart,0
103,2624,2025-01-17T13:18:00,/home,0
269,2625,2025-02-25T18:52:00,/product/1,0
219,2626,2025-03-29T05:38:00,/home,0
330,2627,2025-01-10T09:41:00,/product/2,0
187,2628,2025-02-21T01:46:00,/product/2,49.39
459,2629,2025-01-09T15:46:00,/product/1,0
27,2630,2025-05-01T05:27:00,/product/2,0
242,2631,2025-02-21T00:02:00,/checkout,0
95,2632,2025-02-15T22:09:00,/cart,0
156,2633,2025-01-21T07:16:00,/home,0
350,2634,2025-04-11T10:42:00,/product/1,0
380,2635,2025-03-07T18:54:00,/checkout,0
191,2636,2025-02-13T08:56:00,/product/2,0
197,2637,2025-01-16T21:07:00,/home,0
381,2638,2025-04-20T13:27:00,/home,0
496,2639,2025-04-30T02:55:00,/product/1,0
229,2640,2025-01-18T22:57:00,/home,123.8
155,2641,2025-05-13T01:06:00,/cart,40.4
370,2642,2025-01-28T23:24:00,/home,0
215,2643,2025-04-11T05:09:00,/product/2,151.87
434,2644,2025-04-13T00:11:00,/product/2,89.7
368,2645,2025-01-22T09:03:00,/cart,0
215,2646,2025-04-06T08:21:00,/checkout,33.39
141,2647,2025-05-07T19:57:00,/product/1,0
490,2648,2025-04-14T01:39:00,/home,138.76
380,2649,2025-03-14T08:40:00,/cart,0
446,2650,2025-04-04T11:27:00,/home,0
385,2651,2025-04-03T17:04:00,/cart,0
200,2652,2025-03-14T23:20:00,/checkout,0
95,2653,2025-01-01T15:43:00,/product/1,0
304,2654,2025-05-07T20:01:00,/home,158.13
234,2655,2025-04-02T17:12:00,/checkout,0
437,2656,2025-02-10T02:39:00,/product/2,110.43
88,2657,2025-02-10T18:21:00,/home,0
150,2658,2025-01-08T02:47:00,/product/1,55.55
69,2659,2025-02-19T05:32:00,/home,0
128,2660,2025-02-08T05:23:00,/checkout,0
333,2661,2025-03-05T06:05:00,/checkout,64.91
485,2662,2025-05-09T10:12:00,/checkout,0
69,2663,2025-03-16T08:04:00,/checkout,0
30,2664,2025-04-24T22:50:00,/home,43.86
495,2665,2025-02-20T21:59:00,/product/1,0
9,2666,2025-04-08T19:53:00,/checkout,0
382,2667,2025-05-06T06:25:00,/cart,51.47
321,2668,2025-04-26T11:19:00,/checkout,0
419,2669,2025-03-22T11:56:00,/product/1,0
105,2670,2025-04-16T21:19:00,/cart,0
119,2671,2025-05-13T20:35:00,/cart,0
462,2672,2025-03-29T04:48:00,/home,0
236,2673,2025-02-03T16:23:00,/product/1,0
252,2674,2025-05-13T19:08:00,/product/1,0
11,2675,2025-02-26T11:06:00,/product/1,163.5
352,2676,2025-04-21T15:36:00,/product/1,0
37,2677,2025-03-19T14:56:00,/product/1,0
331,2678,2025-03-15T06:34:00,/home,27.46
385,2679,2025-01-03T03:30:00,/checkout,0
197,2680,2025-01-04T18:30:00,/home,152.69
330,2681,2025-01-08T23:06:00,/product/1,0
43,2682,2025-02-18T17:24:00,/product/1,119.93
406,2683,2025-01-02T17:03:00,/home,0
419,2684,2025-03-03T14:26:00,/home,0
246,2685,2025-05-19T07:03:00,/checkout,163.09
158,2686,2025-03-02T09:27:00,/cart,0
29,2687,2025-04-09T22:42:00,/product/2,0
64,2688,2025-01-04T20:39:00,/home,0
152,2689,2025-01-19T16:07:00,/checkout,83.06
1,2690,2025-02-10T20:02:00,/home,0
198,2691,2025-01-27T19:53:00,/product/2,0
116,2692,2025-05-05T14:15:00,/cart,0
367,2693,2025-01-21T11:07:00,/cart,0
57,2694,2025-02-10T20:57:00,/home,56.36
40,2695,2025-04-23T02:01:00,/product/2,0
473,2696,2025-01-16T10:30:00,/home,0
92,2697,2025-03-20T00:42:00,/checkout,0
93,2698,2025-05-04T16:29:00,/cart,0
342,2699,2025-05-06T02:15:00,/product/2,0
147,2700,2025-03-05T10:07:00,/home,0
256,2701,2025-05-01T11:08:00,/product/2,162.14
365,2702,2025-01-14T21:39:00,/home,195.61
399,2703,2025-04-30T09:28:00,/product/1,0
200,2704,2025-03-23T07:38:00,/cart,22.63
219,2705,2025-05-13T07:02:00,/product/2,0
166,2706,2025-01-24T05:12:00,/product/1,70.52
254,2707,2025-03-19T03:45:00,/cart,0
212,2708,2025-04-20T13:03:00,/product/2,0
484,2709,2025-04-30T01:10:00,/product/1,0
282,2710,2025-04-01T11:52:00,/checkout,0
273,2711,2025-04-08T14:44:00,/product/1,0
298,2712,2025-05-11T03:32:00,/cart,0
398,2713,2025-05-07T05:56:00,/product/1,47.04
2,2714,2025-02-07T00:08:00,/home,0
243,2715,2025-01-25T07:40:00,/home,0
179,2716,2025-03-07T16:36:00,/product/1,0
74,2717,2025-04-11T09:32:00,/cart,0
424,2718,2025-02-10T21:14:00,/home,23.45
357,2719,2025-05-09T03:39:00,/product/1,0
14,2720,2025-05-07T17:24:00,/cart,0
360,2721,2025-01-20T07:09:00,/checkout,0
429,2722,2025-04-19T02:54:00,/product/1,0
188,2723,2025-01-26T17:15:00,/home,0
7,2724,2025-04-14T14:47:00,/cart,0
94,2725,2025-03-27T12:26:00,/product/1,139.71
154,2726,2025-03-27T14:16:00,/cart,88.79
331,2727,2025-05-07T13:34:00,/home,0
80,2728,2025-01-11T22:08:00,/home,0
89,2729,2025-04-02T14:55:00,/product/1,0
427,2730,2025-03-19T02:49:00,/cart,0
425,2731,2025-02-16T23:27:00,/checkout,0
364,2732,2025-02-11T09:09:00,/cart,54.37
48,2733,2025-04-05T22:28:00,/cart,25.03
109,2734,2025-03-14T21:23:00,/checkout,0
201,2735,2025-02-03T10:34:00,/checkout,0
40,2736,2025-05-07T01:15:00,/cart,0
335,2737,2025-04-27T20:27:00,/cart,32.96
412,2738,2025-03-09T15:00:00,/cart,0
56,2739,2025-01-20T00:07:00,/home,0
399,2740,2025-03-03T01:41:00,/home,0
84,2741,2025-04-09T14:08:00,/home,0
306,2742,2025-01-02T23:57:00,/product/2,0
104,2743,2025-04-27T05:09:00,/home,0
44,2744,2025-04-14T18:54:00,/checkout,0
405,2745,2025-03-30T01:47:00,/home,0
48,2746,2025-02-26T04:18:00,/home,150.34
491,2747,2025-03-14T11:29:00,/checkout,0
385,2748,2025-03-13T02:44:00,/product/2,140.53
50,2749,2025-03-02T07:33:00,/cart,100.72
258,2750,2025-01-28T08:10:00,/home,0
196,2751,2025-03-28T19:50:00,/checkout,7.48
83,2752,2025-01-28T14:04:00,/cart,0
321,2753,2025-01-17T23:35:00,/product/1,161.5
335,2754,2025-01-26T15:26:00,/product/1,100.32
374,2755,2025-04-21T19:37:00,/checkout,68.28
403,2756,2025-01-24T21:12:00,/product/2,0
320,2757,2025-03-20T10:38:00,/home,154.84
199,2758,2025-02-13T12:41:00,/product/1,121.38
491,2759,2025-01-28T17:51:00,/checkout,0
255,2760,2025-01-18T17:34:00,/home,0
446,2761,2025-02-26T08:24:00,/checkout,159.48
459,2762,2025-01-16T20:50:00,/cart,0
161,2763,2025-01-31T21:30:00,/product/2,0
144,2764,2025-04-15T22:49:00,/product/2,0
37,2765,2025-02-02T14:52:00,/cart,0
243,2766,2025-02-16T14:35:00,/cart,0
72,2767,2025-01-23T13:37:00,/checkout,0
187,2768,2025-02-22T04:17:00,/cart,0
318,2769,2025-05-04T21:31:00,/product/1,0
263,2770,2025-04-24T17:03:00,/product/2,0
350,2771,2025-03-17T05:16:00,/checkout,0
450,2772,2025-05-05T06:07:00,/home,0
330,2773,2025-01-11T09:17:00,/product/1,0
288,2774,2025-01-02T10:42:00,/product/1,58.13
82,2775,2025-04-14T18:57:00,/cart,44.61
448,2776,2025-03-26T03:43:00,/home,0
240,2777,2025-04-27T23:03:00,/checkout,92.97
44,2778,2025-02-02T19:37:00,/home,184.5
394,2779,2025-03-20T20:18:00,/product/1,0
34,2780,2025-02-27T18:14:00,/product/2,97.26
360,2781,2025-05-15T22:43:00,/cart,0
233,2782,2025-01-07T23:15:00,/checkout,0
241,2783,2025-01-27T11:45:00,/product/1,0
17,2784,2025-04-20T10:08:00,/cart,0
414,2785,2025-03-07T19:23:00,/cart,42.68
109,2786,2025-01-05T04:14:00,/cart,0
326,2787,2025-02-02T01:25:00,/home,0
141,2788,2025-03-15T17:46:00,/home,0
365,2789,2025-03-24T04:17:00,/cart,0
343,2790,2025-02-17T05:32:00,/product/1,18.49
462,2791,2025-03-20T00:17:00,/product/2,59.38
102,2792,2025-03-05T14:00:00,/cart,0
275,2793,2025-05-06T09:32:00,/product/1,87.36
468,2794,2025-05-07T03:19:00,/checkout,0
6,2795,2025-04-13T02:38:00,/checkout,0
371,2796,2025-05-02T14:22:00,/checkout,0
166,2797,2025-05-01T21:20:00,/product/2,0
460,2798,2025-03-25T11:54:00,/product/1,0
163,2799,2025-01-21T16:21:00,/cart,0
370,2800,2025-01-01T16:03:00,/cart,171.45
325,2801,2025-03-23T19:08:00,/checkout,0
112,2802,2025-05-16T18:02:00,/product/1,0
280,2803,2025-01-31T05:42:00,/checkout,0
179,2804,2025-02-08T04:28:00,/product/1,115.37
8,2805,2025-03-09T09:40:00,/product/2,0
460,2806,2025-02-25T21:09:00,/checkout,24.95
256,2807,2025-04-29T03:08:00,/cart,0
181,2808,2025-03-06T02:50:00,/checkout,0
499,2809,2025-03-03T03:14:00,/home,91.76
192,2810,2025-02-02T04:52:00,/checkout,0
278,2811,2025-03-21T08:22:00,/cart,0
338,2812,2025-05-06T08:19:00,/cart,0
360,2813,2025-04-23T22:27:00,/home,161.19
54,2814,2025-01-17T07:38:00,/home,0
211,2815,2025-01-19T20:57:00,/cart,124.77
279,2816,2025-01-19T03:36:00,/cart,0
413,2817,2025-01-06T22:35:00,/product/2,42.37
398,2818,2025-03-24T18:18:00,/checkout,0
101,2819,2025-03-27T11:36:00,/home,0
407,2820,2025-03-26T11:00:00,/cart,128.97
402,2821,2025-05-15T22:08:00,/cart,0
192,2822,2025-02-10T18:23:00,/checkout,0
451,2823,2025-04-30T21:49:00,/product/2,0
463,2824,2025-03-17T11:55:00,/product/1,0
466,2825,2025-03-17T11:13:00,/home,0
79,2826,2025-03-10T03:48:00,/checkout,119.99
172,2827,2025-02-01T00:32:00,/checkout,48.37
499,2828,2025-03-13T05:53:00,/product/1,0
202,2829,2025-01-10T09:21:00,/checkout,0
481,2830,2025-04-26T19:55:00,/cart,34.74
463,2831,2025-02-27T21:54:00,/checkout,0
119,2832,2025-01-19T03:03:00,/product/1,0
324,2833,2025-04-16T00:39:00,/cart,125.46
134,2834,2025-04-11T15:40:00,/product/1,40.75
48,2835,2025-01-05T16:01:00,/cart,0
395,2836,2025-04-19T00:06:00,/product/1,0
363,2837,2025-04-09T23:20:00,/home,0
13,2838,2025-05-16T03:19:00,/product/1,126.89
399,2839,2025-03-07T04:39:00,/product/1,0
460,2840,2025-02-10T08:51:00,/product/2,0
431,2841,2025-02-14T15:31:00,/cart,131.85
141,2842,2025-01-16T02:28:00,/product/1,0
327,2843,2025-04-16T11:14:00,/home,0
475,2844,2025-04-19T11:30:00,/home,0
145,2845,2025-02-17T16:40:00,/product/1,0
254,2846,2025-03-07T18:58:00,/product/1,0
252,2847,2025-01-04T23:55:00,/cart,0
492,2848,2025-04-24T21:38:00,/home,0
215,2849,2025-03-10T07:30:00,/product/2,0
231,2850,2025-01-30T07:52:00,/product/1,0
463,2851,2025-02-02T12:39:00,/checkout,0
438,2852,2025-01-06T17:24:00,/home,198.75
248,2853,2025-04-22T18:37:00,/checkout,0
82,2854,2025-04-05T23:33:00,/product/2,38.57
16,2855,2025-04-08T13:37:00,/home,0
390,2856,2025-01-28T17:36:00,/product/1,22.96
112,2857,2025-01-06T08:52:00,/product/2,0
43,2858,2025-05-13T11:33:00,/product/1,0
247,2859,2025-02-06T06:28:00,/home,0
283,2860,2025-04-29T16:18:00,/product/2,0
415,2861,2025-04-01T06:11:00,/cart,0
205,2862,2025-02-05T03:28:00,/product/2,0
352,2863,2025-05-11T14:21:00,/product/2,20.58
407,2864,2025-04-17T23:10:00,/product/2,0
106,2865,2025-05-12T10:43:00,/cart,0
229,2866,2025-03-19T03:20:00,/checkout,163.18
319,2867,2025-01-20T13:55:00,/checkout,0
103,2868,2025-04-14T05:52:00,/product/2,0
324,2869,2025-01-12T16:47:00,/cart,0
18,2870,2025-04-04T02:09:00,/product/2,0
151,2871,2025-04-20T22:24:00,/checkout,0
16,2872,2025-01-21T20:54:00,/product/1,85.88
96,2873,2025-03-07T03:00:00,/product/1,0
337,2874,2025-03-09T15:48:00,/product/2,0
161,2875,2025-01-23T06:21:00,/home,0
6,2876,2025-05-11T11:45:00,/product/2,0
291,2877,2025-02-28T12:55:00,/product/1,0
198,2878,2025-02-21T15:07:00,/checkout,0
112,2879,2025-01-19T17:39:00,/checkout,0
312,2880,2025-05-03T05:09:00,/home,0
331,2881,2025-03-18T18:39:00,/cart,0
164,2882,2025-02-06T01:43:00,/product/1,0
253,2883,2025-04-01T18:38:00,/home,84.25
64,2884,2025-03-24T10:14:00,/product/1,0
303,2885,2025-03-11T16:43:00,/product/1,0
146,2886,2025-01-04T05:55:00,/checkout,182.33
146,2887,2025-01-24T20:36:00,/cart,0
274,2888,2025-04-07T00:44:00,/home,0
9,2889,2025-01-13T15:26:00,/cart,0
411,2890,2025-03-17T13:30:00,/product/2,0
386,2891,2025-03-04T22:55:00,/cart,0
397,2892,2025-02-27T00:16:00,/cart,0
202,2893,2025-02-24T07:55:00,/cart,0
329,2894,2025-01-23T02:27:00,/product/2,20.55
115,2895,2025-01-09T16:59:00,/home,0
166,2896,2025-05-06T04:09:00,/cart,0
46,2897,2025-02-04T19:11:00,/product/2,107.51
3,2898,2025-05-06T06:58:00,/home,0
402,2899,2025-01-08T20:12:00,/home,0
156,2900,2025-01-14T15:51:00,/product/2,0
314,2901,2025-03-11T02:18:00,/product/2,0
474,2902,2025-01-26T01:53:00,/checkout,0
65,2903,2025-02-28T03:11:00,/product/1,177.56
495,2904,2025-03-17T05:42:00,/cart,0
268,2905,2025-04-07T01:04:00,/product/1,0
339,2906,2025-03-31T05:17:00,/product/2,0
375,2907,2025-03-29T20:58:00,/product/1,0
393,2908,2025-02-23T22:16:00,/home,0
428,2909,2025-02-14T02:57:00,/product/1,0
39,2910,2025-04-01T00:57:00,/home,0
344,2911,2025-02-09T08:18:00,/cart,37.58
54,2912,2025-03-03T23:26:00,/product/1,152.32
264,2913,2025-02-27T01:05:00,/product/2,131.06
435,2914,2025-04-02T20:14:00,/home,43.76
187,2915,2025-03-12T04:36:00,/cart,102.69
400,2916,2025-03-14T20:31:00,/product/1,0
217,2917,2025-01-30T21:23:00,/product/2,115.45
53,2918,2025-01-27T19:31:00,/cart,149.01
124,2919,2025-01-04T00:28:00,/cart,0
15,2920,2025-03-28T16:43:00,/checkout,0
136,2921,2025-01-22T12:58:00,/checkout,0
221,2922,2025-02-08T14:31:00,/product/1,0
221,2923,2025-04-03T11:09:00,/product/2,0
140,2924,2025-03-09T07:35:00,/home,0
196,2925,2025-05-14T06:09:00,/cart,0
97,2926,2025-03-15T07:23:00,/product/1,0
272,2927,2025-04-21T13:58:00,/cart,0
56,2928,2025-05-05T00:02:00,/home,0
491,2929,2025-01-21T05:19:00,/product/1,0
459,2930,2025-01-07T11:55:00,/checkout,0
34,2931,2025-04-07T20:55:00,/home,0
452,2932,2025-04-23T21:47:00,/cart,0
52,2933,2025-02-10T00:42:00,/product/2,0
88,2934,2025-02-07T01:26:00,/product/2,0
362,2935,2025-04-19T13:19:00,/product/2,18.85
258,2936,2025-05-08T12:24:00,/checkout,0
157,2937,2025-05-06T05:38:00,/product/1,0
349,2938,2025-01-13T15:27:00,/product/1,0
461,2939,2025-03-24T20:52:00,/product/1,133.21
220,2940,2025-03-02T19:30:00,/home,0
136,2941,2025-01-15T00:19:00,/product/1,0
437,2942,2025-01-02T18:31:00,/checkout,0
243,2943,2025-04-17T03:51:00,/home,0
127,2944,2025-03-28T00:40:00,/home,0
9,2945,2025-04-14T06:25:00,/product/2,105.05
86,2946,2025-05-18T10:36:00,/product/1,20.0
412,2947,2025-05-15T00:26:00,/product/2,0
377,2948,2025-03-05T20:35:00,/checkout,0
250,2949,2025-02-16T03:43:00,/product/2,0
424,2950,2025-03-06T04:38:00,/product/2,178.27
397,2951,2025-05-01T20:47:00,/checkout,0
139,2952,2025-05-05T20:14:00,/checkout,4.15
211,2953,2025-02-10T02:18:00,/product/1,0
16,2954,2025-02-14T11:39:00,/checkout,194.66
185,2955,2025-02-07T13:22:00,/home,0
489,2956,2025-03-10T18:32:00,/home,175.43
348,2957,2025-04-10T04:46:00,/cart,175.22
90,2958,2025-02-18T07:09:00,/product/2,78.21
214,2959,2025-02-20T06:56:00,/product/2,0
297,2960,2025-04-05T16:15:00,/product/2,24.59
408,2961,2025-03-24T20:02:00,/checkout,158.47
148,2962,2025-01-21T01:25:00,/home,0
351,2963,2025-01-27T18:49:00,/cart,0
268,2964,2025-02-22T18:04:00,/checkout,0
84,2965,2025-02-25T06:38:00,/cart,0
410,2966,2025-02-23T15:40:00,/home,0
112,2967,2025-02-21T12:31:00,/checkout,0
251,2968,2025-02-25T16:09:00,/home,0
339,2969,2025-01-01T02:48:00,/home,0
180,2970,2025-02-21T13:36:00,/checkout,0
394,2971,2025-04-13T01:57:00,/product/1,142.64
74,2972,2025-05-14T10:45:00,/product/1,0
471,2973,2025-01-15T16:39:00,/product/2,0
243,2974,2025-03-06T13:24:00,/product/1,127.41
217,2975,2025-03-14T15:45:00,/home,184.04
306,2976,2025-02-26T13:37:00,/product/1,0
348,2977,2025-02-28T16:56:00,/checkout,0
394,2978,2025-02-06T07:39:00,/product/2,0
284,2979,2025-02-06T07:43:00,/product/2,0
153,2980,2025-04-14T03:47:00,/cart,0
193,2981,2025-03-21T12:48:00,/home,0
227,2982,2025-05-07T08:42:00,/product/2,0
351,2983,2025-05-10T17:23:00,/product/2,0
219,2984,2025-03-26T22:23:00,/cart,92.26
468,2985,2025-04-12T17:54:00,/home,84.18
387,2986,2025-01-26T14:13:00,/checkout,157.33
298,2987,2025-04-04T05:51:00,/product/2,0
279,2988,2025-04-13T23:01:00,/product/2,0
433,2989,2025-03-13T11:33:00,/product/1,0
4,2990,2025-03-26T06:02:00,/checkout,0
28,2991,2025-01-16T09:52:00,/home,0
333,2992,2025-01-20T11:42:00,/product/2,0
421,2993,2025-02-22T21:32:00,/checkout,0
170,2994,2025-01-12T01:55:00,/home,134.88
379,2995,2025-05-11T12:24:00,/home,103.25
288,2996,2025-05-15T18:57:00,/cart,0
459,2997,2025-05-04T00:05:00,/product/1,0
160,2998,2025-05-11T21:58:00,/home,124.73
103,2999,2025-01-21T21:10:00,/home,0
310,3000,2025-01-23T00:48:00,/checkout,0
105,3001,2025-01-19T20:39:00,/cart,0
259,3002,2025-03-22T19:03:00,/cart,0
63,3003,2025-02-24T14:23:00,/cart,0
95,3004,2025-02-12T18:24:00,/checkout,0
314,3005,2025-05-05T00:44:00,/cart,123.43
222,3006,2025-01-27T14:57:00,/home,0
420,3007,2025-05-16T13:12:00,/product/1,0
380,3008,2025-05-08T08:43:00,/checkout,0
246,3009,2025-02-22T19:11:00,/product/2,0
492,3010,2025-04-18T04:20:00,/cart,0
141,3011,2025-03-13T05:07:00,/cart,0
55,3012,2025-03-26T11:05:00,/cart,29.63
146,3013,2025-03-25T05:01:00,/home,0
6,3014,2025-04-16T16:24:00,/product/2,0
334,3015,2025-04-30T15:18:00,/checkout,0
465,3016,2025-03-06T13:49:00,/product/1,0
371,3017,2025-03-25T10:33:00,/product/2,0
82,3018,2025-03-07T03:01:00,/checkout,100.64
179,3019,2025-05-09T13:32:00,/checkout,0
33,3020,2025-02-01T18:23:00,/product/1,0
369,3021,2025-04-13T12:25:00,/product/2,0
440,3022,2025-01-26T11:50:00,/product/2,131.69
473,3023,2025-03-13T17:06:00,/home,129.03
193,3024,2025-03-27T21:07:00,/checkout,0
295,3025,2025-05-09T23:29:00,/checkout,105.09
67,3026,2025-05-08T00:35:00,/product/2,0
298,3027,2025-03-05T08:51:00,/checkout,0
207,3028,2025-01-13T07:13:00,/home,0
376,3029,2025-01-29T23:27:00,/product/1,0
55,3030,2025-04-01T22:03:00,/cart,0
119,3031,2025-05-14T08:59:00,/product/1,0
451,3032,2025-02-01T16:12:00,/cart,84.01
33,3033,2025-01-12T06:33:00,/checkout,0
20,3034,2025-05-17T12:30:00,/home,0
192,3035,2025-04-21T09:59:00,/home,64.23
358,3036,2025-03-23T19:56:00,/cart,0
327,3037,2025-04-15T10:52:00,/checkout,0
130,3038,2025-03-31T09:39:00,/cart,0
116,3039,2025-02-06T15:01:00,/product/1,0
271,3040,2025-02-05T00:09:00,/home,0
323,3041,2025-05-02T17:24:00,/home,0
415,3042,2025-01-26T14:07:00,/home,0
209,3043,2025-04-14T10:55:00,/checkout,68.14
350,3044,2025-05-13T21:19:00,/checkout,0
427,3045,2025-02-07T18:28:00,/checkout,100.17
183,3046,2025-04-23T14:10:00,/checkout,160.32
225,3047,2025-03-19T19:49:00,/cart,113.83
66,3048,2025-04-05T03:53:00,/product/2,0
256,3049,2025-02-11T23:23:00,/home,0
170,3050,2025-01-05T02:29:00,/product/1,57.98
425,3051,2025-02-15T18:18:00,/cart,13.59
447,3052,2025-01-29T17:42:00,/product/2,0
295,3053,2025-02-13T22:41:00,/checkout,100.01
205,3054,2025-04-23T14:54:00,/home,0
457,3055,2025-01-21T04:25:00,/checkout,0
470,3056,2025-02-17T21:17:00,/home,0
216,3057,2025-02-17T11:48:00,/product/1,0
392,3058,2025-01-11T19:29:00,/product/1,0
419,3059,2025-05-14T14:20:00,/product/2,132.67
450,3060,2025-01-12T08:19:00,/product/1,0
413,3061,2025-04-13T15:31:00,/checkout,153.11
19,3062,2025-03-04T23:01:00,/home,119.63
314,3063,2025-01-15T16:07:00,/checkout,0
67,3064,2025-02-19T05:52:00,/home,0
255,3065,2025-04-03T09:45:00,/product/1,0
221,3066,2025-03-28T22:38:00,/product/2,175.29
117,3067,2025-01-04T21:41:00,/home,0
401,3068,2025-02-05T17:05:00,/checkout,0
195,3069,2025-05-05T03:26:00,/home,0
27,3070,2025-03-12T11:22:00,/cart,0
221,3071,2025-05-08T16:11:00,/cart,0
60,3072,2025-03-21T17:26:00,/home,196.51
189,3073,2025-03-06T00:59:00,/product/1,0
471,3074,2025-01-11T13:04:00,/product/1,0
302,3075,2025-01-02T19:54:00,/product/1,0
386,3076,2025-04-08T14:46:00,/checkout,0
411,3077,2025-01-03T17:05:00,/product/1,15.32
65,3078,2025-03-21T20:04:00,/product/1,0
161,3079,2025-03-05T15:43:00,/checkout,0
126,3080,2025-02-23T05:34:00,/product/1,0
246,3081,2025-04-30T17:01:00,/home,0
40,3082,2025-02-15T13:08:00,/checkout,0
362,3083,2025-05-14T20:13:00,/product/2,171.75
228,3084,2025-05-10T19:43:00,/product/2,156.04
150,3085,2025-04-29T23:48:00,/product/1,0
137,3086,2025-02-28T01:06:00,/checkout,0
28,3087,2025-03-05T02:28:00,/cart,124.37
144,3088,2025-01-15T06:44:00,/product/1,168.29
267,3089,2025-02-11T23:13:00,/product/2,42.15
191,3090,2025-05-12T23:11:00,/product/1,0
121,3091,2025-05-08T03:06:00,/cart,0
233,3092,2025-01-21T19:06:00,/home,0
18,3093,2025-02-19T04:57:00,/product/2,0
154,3094,2025-01-16T09:09:00,/home,0
313,3095,2025-03-11T21:26:00,/cart,0
196,3096,2025-03-12T00:37:00,/cart,0
106,3097,2025-03-11T01:18:00,/product/1,0
273,3098,2025-01-10T12:19:00,/product/2,0
391,3099,2025-03-05T07:34:00,/home,150.9
173,3100,2025-02-17T19:01:00,/checkout,0
15,3101,2025-03-04T01:36:00,/checkout,0
219,3102,2025-05-13T18:02:00,/home,110.66
488,3103,2025-05-12T07:23:00,/product/2,187.6
238,3104,2025-03-19T03:45:00,/checkout,153.8
134,3105,2025-01-30T14:11:00,/cart,0
474,3106,2025-02-13T08:49:00,/product/1,56.14
350,3107,2025-02-19T22:50:00,/home,154.27
152,3108,2025-03-03T10:42:00,/checkout,0
316,3109,2025-02-19T22:18:00,/product/2,0
129,3110,2025-04-29T21:08:00,/checkout,0
158,3111,2025-04-14T11:33:00,/product/2,169.52
228,3112,2025-03-26T05:40:00,/home,0
239,3113,2025-01-07T17:40:00,/product/2,0
433,3114,2025-04-12T07:51:00,/product/1,0
297,3115,2025-01-15T11:32:00,/product/2,110.29
489,3116,2025-01-12T15:48:00,/cart,0
393,3117,2025-02-20T06:29:00,/product/2,25.44
323,3118,2025-02-01T18:22:00,/product/1,131.2
120,3119,2025-01-21T20:01:00,/home,0
260,3120,2025-03-22T03:44:00,/checkout,0
284,3121,2025-05-11T14:11:00,/product/1,0
366,3122,2025-02-17T03:49:00,/product/2,0
433,3123,2025-03-06T07:44:00,/checkout,120.12
180,3124,2025-01-20T20:56:00,/home,0
58,3125,2025-04-04T00:44:00,/home,0
167,3126,2025-04-14T19:57:00,/product/2,136.2
37,3127,2025-04-27T20:26:00,/cart,28.62
168,3128,2025-04-21T11:52:00,/product/2,0
209,3129,2025-04-29T16:32:00,/product/2,0
499,3130,2025-02-23T12:46:00,/checkout,0
189,3131,2025-01-09T02:54:00,/product/2,182.37
14,3132,2025-01-20T08:08:00,/checkout,0
161,3133,2025-04-03T23:42:00,/checkout,142.57
482,3134,2025-02-09T02:46:00,/cart,6.52
372,3135,2025-01-28T07:41:00,/cart,129.84
490,3136,2025-01-15T01:46:00,/product/1,0
295,3137,2025-04-25T17:55:00,/checkout,107.79
63,3138,2025-04-07T01:48:00,/home,0
338,3139,2025-04-06T11:20:00,/checkout,0
138,3140,2025-02-05T12:04:00,/checkout,0
125,3141,2025-03-01T20:02:00,/product/1,195.49
119,3142,2025-03-24T23:30:00,/product/2,23.08
124,3143,2025-03-23T00:16:00,/cart,0
181,3144,2025-04-13T00:40:00,/checkout,0
186,3145,2025-04-29T22:26:00,/cart,0
230,3146,2025-03-18T05:59:00,/product/1,0
424,3147,2025-01-23T19:21:00,/checkout,0
466,3148,2025-03-16T04:54:00,/checkout,0
311,3149,2025-02-17T09:10:00,/product/2,0
61,3150,2025-01-15T20:06:00,/cart,0
76,3151,2025-04-15T20:38:00,/cart,0
396,3152,2025-02-06T01:31:00,/product/1,3.1
62,3153,2025-03-18T05:00:00,/product/2,142.28
241,3154,2025-05-16T05:34:00,/home,0
18,3155,2025-03-20T12:54:00,/home,0
38,3156,2025-01-25T02:22:00,/checkout,183.72
463,3157,2025-03-18T21:18:00,/product/2,0
357,3158,2025-04-12T09:18:00,/product/1,23.81
460,3159,2025-03-03T06:48:00,/checkout,0
56,3160,2025-05-12T11:15:00,/home,0
472,3161,2025-03-06T14:50:00,/cart,126.17
380,3162,2025-03-21T07:33:00,/product/2,140.02
376,3163,2025-02-03T09:30:00,/checkout,187.32
43,3164,2025-01-28T17:13:00,/home,0
190,3165,2025-05-03T16:20:00,/cart,0
225,3166,2025-02-02T04:06:00,/checkout,55.86
396,3167,2025-01-18T15:21:00,/product/1,0
175,3168,2025-01-09T18:58:00,/checkout,0
269,3169,2025-04-16T13:18:00,/checkout,85.34
166,3170,2025-03-11T22:01:00,/product/2,190.7
22,3171,2025-05-14T17:37:00,/product/1,0
143,3172,2025-04-15T16:48:00,/checkout,0
178,3173,2025-02-21T20:16:00,/product/1,0
141,3174,2025-03-30T14:08:00,/cart,0
87,3175,2025-02-22T12:22:00,/product/2,150.69
474,3176,2025-02-12T04:12:00,/product/2,0
106,3177,2025-04-11T12:26:00,/checkout,5.47
463,3178,2025-01-08T05:38:00,/checkout,0
100,3179,2025-01-02T05:07:00,/cart,5.16
105,3180,2025-02-21T07:22:00,/checkout,0
228,3181,2025-04-05T19:49:00,/product/1,58.99
57,3182,2025-05-11T09:20:00,/home,0
222,3183,2025-03-31T19:03:00,/product/2,0
71,3184,2025-02-20T16:34:00,/home,160.73
382,3185,2025-02-10T11:51:00,/home,0
260,3186,2025-03-03T01:06:00,/product/2,0
377,3187,2025-04-04T08:39:00,/home,62.96
474,3188,2025-01-07T23:35:00,/cart,0
362,3189,2025-04-05T21:34:00,/product/2,0
286,3190,2025-05-01T08:31:00,/home,125.46
126,3191,2025-01-25T22:00:00,/checkout,0
483,3192,2025-02-10T02:06:00,/product/1,0
78,3193,2025-03-30T04:50:00,/product/1,56.52
102,3194,2025-04-26T13:21:00,/home,171.43
384,3195,2025-02-08T23:48:00,/home,0
252,3196,2025-04-12T12:47:00,/checkout,0
92,3197,2025-01-08T01:34:00,/cart,0
315,3198,2025-03-11T05:30:00,/checkout,0
179,3199,2025-03-30T03:38:00,/checkout,0
93,3200,2025-02-24T15:09:00,/product/1,133.6
251,3201,2025-04-25T16:37:00,/cart,0
279,3202,2025-03-29T13:20:00,/product/2,0
58,3203,2025-05-18T10:28:00,/product/2,0
229,3204,2025-03-01T05:40:00,/product/1,0
60,3205,2025-02-02T01:48:00,/cart,132.12
178,3206,2025-05-07T21:06:00,/cart,154.74
248,3207,2025-03-31T01:14:00,/checkout,0
121,3208,2025-01-06T06:32:00,/product/2,0
111,3209,2025-03-16T10:58:00,/home,0
166,3210,2025-02-17T14:58:00,/product/2,0
415,3211,2025-03-22T10:54:00,/cart,0
468,3212,2025-01-10T22:41:00,/product/2,0
113,3213,2025-03-03T20:47:00,/home,0
210,3214,2025-02-10T06:55:00,/checkout,107.2
400,3215,2025-04-24T19:55:00,/home,122.66
169,3216,2025-01-24T12:33:00,/checkout,0
487,3217,2025-05-12T11:27:00,/home,18.05
361,3218,2025-03-02T16:09:00,/product/2,110.58
336,3219,2025-01-09T23:01:00,/checkout,0
275,3220,2025-02-06T02:59:00,/product/1,79.11
368,3221,2025-02-11T17:58:00,/product/2,182.13
170,3222,2025-03-17T06:09:00,/product/1,0
128,3223,2025-01-03T11:35:00,/home,151.02
270,3224,2025-01-19T15:55:00,/checkout,0
249,3225,2025-01-08T16:44:00,/product/1,0
13,3226,2025-02-11T20:54:00,/product/1,0
384,3227,2025-01-23T12:12:00,/cart,0
68,3228,2025-05-15T19:24:00,/product/2,15.31
259,3229,2025-05-12T10:57:00,/cart,0
381,3230,2025-04-09T14:42:00,/checkout,19.11
302,3231,2025-03-13T04:50:00,/product/1,171.86
402,3232,2025-02-28T22:23:00,/cart,0
12,3233,2025-02-25T00:07:00,/product/2,0
52,3234,2025-02-18T02:36:00,/checkout,0
150,3235,2025-03-20T04:39:00,/home,0
209,3236,2025-04-13T03:01:00,/product/2,0
465,3237,2025-05-08T22:55:00,/checkout,0
196,3238,2025-01-04T03:12:00,/cart,190.29
391,3239,2025-04-10T12:03:00,/home,0
296,3240,2025-01-05T12:45:00,/cart,89.42
245,3241,2025-04-13T12:27:00,/home,0
171,3242,2025-01-27T04:08:00,/home,0
87,3243,2025-02-07T19:22:00,/cart,0
43,3244,2025-01-26T17:28:00,/cart,0
243,3245,2025-04-06T06:47:00,/checkout,11.79
253,3246,2025-02-15T21:06:00,/cart,0
173,3247,2025-01-28T10:02:00,/home,0
290,3248,2025-04-19T23:53:00,/cart,53.63
108,3249,2025-05-18T10:48:00,/checkout,109.12
161,3250,2025-04-29T16:40:00,/product/1,0
363,3251,2025-03-29T22:14:00,/checkout,0
379,3252,2025-05-14T10:49:00,/home,85.14
40,3253,2025-03-10T09:23:00,/product/1,32.42
384,3254,2025-01-23T02:44:00,/product/1,0
446,3255,2025-01-21T16:36:00,/home,99.04
321,3256,2025-04-06T11:57:00,/cart,0
448,3257,2025-04-10T14:15:00,/cart,0
152,3258,2025-01-22T09:43:00,/cart,143.99
451,3259,2025-05-04T04:28:00,/product/2,0
315,3260,2025-03-09T15:41:00,/checkout,0
73,3261,2025-02-22T19:53:00,/checkout,0
412,3262,2025-04-22T18:36:00,/product/2,0
129,3263,2025-03-27T22:40:00,/cart,0
170,3264,2025-05-16T22:39:00,/product/1,0
367,3265,2025-03-28T06:22:00,/home,0
92,3266,2025-01-28T08:53:00,/cart,0
3,3267,2025-02-26T18:27:00,/product/1,0
49,3268,2025-04-08T21:23:00,/cart,0
32,3269,2025-04-24T18:32:00,/cart,0
35,3270,2025-03-05T19:09:00,/checkout,68.99
8,3271,2025-02-05T01:39:00,/product/2,0
467,3272,2025-03-19T13:56:00,/checkout,73.45
393,3273,2025-03-15T09:54:00,/product/2,0
329,3274,2025-05-01T00:49:00,/product/1,0
79,3275,2025-01-19T17:54:00,/product/1,0
135,3276,2025-04-13T14:40:00,/home,0
268,3277,2025-04-17T22:01:00,/cart,0
396,3278,2025-04-18T19:13:00,/checkout,0
414,3279,2025-05-15T05:09:00,/checkout,0
243,3280,2025-02-08T02:28:00,/product/1,0
119,3281,2025-02-09T09:39:00,/home,122.98
74,3282,2025-01-31T00:06:00,/cart,64.67
459,3283,2025-01-10T12:01:00,/product/1,0
226,3284,2025-03-19T10:37:00,/cart,0
257,3285,2025-05-19T08:31:00,/home,0
202,3286,2025-03-10T16:29:00,/cart,71.0
430,3287,2025-04-06T00:35:00,/product/2,0
453,3288,2025-04-21T04:56:00,/product/1,189.1
427,3289,2025-02-20T13:27:00,/product/1,112.1
251,3290,2025-05-07T12:56:00,/product/2,0
286,3291,2025-03-21T06:21:00,/product/2,0
444,3292,2025-03-08T13:42:00,/cart,69.2
218,3293,2025-02-08T22:01:00,/checkout,0
472,3294,2025-02-04T18:25:00,/cart,0
478,3295,2025-05-17T02:26:00,/home,0
185,3296,2025-04-06T18:08:00,/product/1,0
159,3297,2025-03-01T19:01:00,/home,183.16
258,3298,2025-01-03T08:46:00,/checkout,0
332,3299,2025-02-20T01:16:00,/cart,0
357,3300,2025-05-09T04:58:00,/product/2,0
30,3301,2025-04-15T03:53:00,/home,185.51
312,3302,2025-04-26T02:17:00,/cart,0
243,3303,2025-05-17T12:31:00,/checkout,7.64
15,3304,2025-04-22T13:53:00,/product/1,35.38
436,3305,2025-01-24T23:10:00,/home,0
434,3306,2025-01-22T17:47:00,/home,0
364,3307,2025-01-12T08:18:00,/product/2,0
279,3308,2025-02-20T12:19:00,/product/1,0
378,3309,2025-01-04T00:51:00,/product/2,169.65
163,3310,2025-05-10T03:01:00,/product/1,117.37
484,3311,2025-03-08T16:11:00,/checkout,0
341,3312,2025-03-15T09:29:00,/cart,133.93
34,3313,2025-02-05T02:58:00,/checkout,0
137,3314,2025-01-16T06:51:00,/product/1,0
142,3315,2025-04-21T18:42:00,/product/1,0
210,3316,2025-02-01T11:42:00,/home,0
288,3317,2025-03-05T20:09:00,/home,0
291,3318,2025-05-07T18:08:00,/home,0
238,3319,2025-01-17T01:11:00,/home,36.5
45,3320,2025-02-03T19:09:00,/product/2,0
495,3321,2025-01-04T15:51:00,/product/1,43.51
192,3322,2025-03-25T19:17:00,/home,188.65
158,3323,2025-05-04T22:51:00,/product/1,147.62
159,3324,2025-01-10T17:01:00,/cart,35.6
72,3325,2025-04-13T20:41:00,/product/2,0
428,3326,2025-02-04T06:27:00,/product/2,35.42
152,3327,2025-02-17T05:08:00,/cart,0
251,3328,2025-03-06T15:41:00,/checkout,0
396,3329,2025-04-27T20:10:00,/checkout,0
324,3330,2025-05-06T01:43:00,/product/1,0
428,3331,2025-04-17T12:52:00,/cart,0
292,3332,2025-02-08T08:23:00,/cart,0
416,3333,2025-05-05T03:46:00,/product/2,0
359,3334,2025-04-02T16:59:00,/checkout,158.86
47,3335,2025-04-04T10:31:00,/product/1,0
240,3336,2025-02-17T11:39:00,/home,103.41
324,3337,2025-02-03T22:30:00,/cart,0
301,3338,2025-02-28T19:10:00,/product/2,0
338,3339,2025-04-18T02:43:00,/home,0
54,3340,2025-04-25T14:12:00,/product/2,1.58
216,3341,2025-03-28T13:28:00,/product/2,0
463,3342,2025-01-19T05:48:00,/product/1,61.26
240,3343,2025-04-10T12:54:00,/product/1,87.8
316,3344,2025-03-25T02:14:00,/checkout,0
223,3345,2025-05-14T01:35:00,/cart,0
125,3346,2025-02-15T23:30:00,/product/2,0
248,3347,2025-05-04T12:39:00,/cart,0
498,3348,2025-02-12T15:41:00,/checkout,0
219,3349,2025-02-19T00:51:00,/checkout,0
15,3350,2025-01-30T20:38:00,/checkout,0
154,3351,2025-04-19T15:40:00,/checkout,0
498,3352,2025-04-14T09:34:00,/product/1,0
171,3353,2025-01-10T19:03:00,/home,0
393,3354,2025-01-26T18:03:00,/product/2,0
85,3355,2025-03-25T20:20:00,/home,0
103,3356,2025-02-01T07:46:00,/product/2,0
95,3357,2025-02-12T23:54:00,/product/1,0
371,3358,2025-02-14T13:15:00,/product/1,0
433,3359,2025-03-10T03:09:00,/home,0
177,3360,2025-01-19T04:31:00,/cart,0
202,3361,2025-05-08T05:00:00,/product/1,133.69
426,3362,2025-03-26T08:59:00,/product/1,19.16
66,3363,2025-02-27T22:55:00,/product/1,0
168,3364,2025-02-21T13:17:00,/cart,0
274,3365,2025-01-14T01:04:00,/product/2,0
380,3366,2025-04-17T18:08:00,/home,0
312,3367,2025-02-02T10:23:00,/product/1,0
175,3368,2025-04-02T06:53:00,/home,0
385,3369,2025-03-14T11:40:00,/home,0
71,3370,2025-04-02T00:18:00,/product/1,0
155,3371,2025-03-21T06:17:00,/home,0
335,3372,2025-02-02T17:53:00,/cart,0
160,3373,2025-03-12T10:01:00,/cart,0
491,3374,2025-03-18T18:35:00,/product/1,0
350,3375,2025-04-05T04:19:00,/home,0
43,3376,2025-03-05T00:57:00,/home,0
208,3377,2025-01-03T05:24:00,/product/1,0
295,3378,2025-04-03T06:59:00,/cart,0
6,3379,2025-03-30T11:58:00,/cart,0
28,3380,2025-02-25T03:37:00,/cart,0
325,3381,2025-01-22T02:37:00,/checkout,181.64
258,3382,2025-03-09T20:53:00,/cart,168.83
498,3383,2025-03-08T10:06:00,/home,196.15
273,3384,2025-05-19T06:47:00,/cart,16.0
4,3385,2025-03-03T08:52:00,/checkout,0
264,3386,2025-04-22T20:52:00,/cart,0
238,3387,2025-02-21T06:49:00,/home,0
251,3388,2025-03-25T18:51:00,/product/2,0
307,3389,2025-05-05T22:52:00,/product/2,0
173,3390,2025-05-03T21:06:00,/product/2,4.71
137,3391,2025-02-02T12:52:00,/product/2,0
9,3392,2025-03-23T07:58:00,/product/2,0
19,3393,2025-04-19T10:59:00,/home,0
19,3394,2025-04-07T17:08:00,/cart,0
44,3395,2025-04-08T09:23:00,/home,0
75,3396,2025-04-26T05:16:00,/cart,0
141,3397,2025-03-04T21:00:00,/cart,0
125,3398,2025-05-14T09:09:00,/checkout,0
21,3399,2025-01-14T22:23:00,/product/2,0
76,3400,2025-04-21T22:18:00,/home,0
372,3401,2025-01-15T08:07:00,/product/2,149.85
217,3402,2025-03-14T22:51:00,/home,0
383,3403,2025-02-16T18:13:00,/home,86.69
60,3404,2025-02-04T21:18:00,/checkout,0
156,3405,2025-04-23T01:30:00,/checkout,0
407,3406,2025-02-14T08:58:00,/home,0
243,3407,2025-02-09T04:15:00,/cart,0
353,3408,2025-02-03T19:23:00,/product/2,0
24,3409,2025-04-21T01:38:00,/cart,135.64
140,3410,2025-01-01T22:04:00,/cart,0
401,3411,2025-03-17T10:12:00,/product/1,0
237,3412,2025-04-20T01:25:00,/product/2,0
116,3413,2025-01-04T06:57:00,/product/2,0
314,3414,2025-02-22T09:33:00,/checkout,117.58
326,3415,2025-04-19T08:36:00,/product/2,0
244,3416,2025-04-12T12:26:00,/home,0
164,3417,2025-03-05T01:17:00,/cart,0
438,3418,2025-05-16T04:20:00,/cart,0
358,3419,2025-01-31T22:47:00,/cart,0
17,3420,2025-05-01T06:38:00,/checkout,126.28
288,3421,2025-03-04T20:38:00,/home,0
272,3422,2025-03-09T05:01:00,/product/2,0
162,3423,2025-03-24T04:37:00,/cart,0
320,3424,2025-04-17T11:37:00,/product/1,0
290,3425,2025-03-20T13:23:00,/cart,4.68
499,3426,2025-02-21T16:19:00,/checkout,197.94
193,3427,2025-04-08T20:46:00,/product/1,0
486,3428,2025-01-23T11:33:00,/home,0
109,3429,2025-01-21T03:21:00,/checkout,0
443,3430,2025-01-29T23:11:00,/cart,0
181,3431,2025-05-17T18:23:00,/product/1,0
307,3432,2025-02-20T18:26:00,/product/2,126.06
341,3433,2025-05-06T00:52:00,/product/2,0
273,3434,2025-03-13T09:25:00,/product/1,98.97
238,3435,2025-02-22T02:47:00,/cart,0
448,3436,2025-02-02T08:03:00,/cart,0
273,3437,2025-03-02T19:30:00,/cart,0
350,3438,2025-01-18T21:34:00,/cart,0
215,3439,2025-03-18T03:26:00,/cart,0
15,3440,2025-04-23T15:54:00,/product/1,0
318,3441,2025-04-02T15:13:00,/home,0
375,3442,2025-03-16T09:57:00,/home,0
128,3443,2025-01-31T07:16:00,/checkout,0
351,3444,2025-01-17T13:26:00,/product/2,0
308,3445,2025-04-30T01:52:00,/cart,0
443,3446,2025-02-05T03:22:00,/product/1,0
371,3447,2025-02-13T13:35:00,/product/1,0
365,3448,2025-02-06T08:52:00,/product/2,0
34,3449,2025-01-06T14:57:00,/product/1,0
236,3450,2025-02-14T14:37:00,/checkout,0
124,3451,2025-02-02T04:47:00,/cart,0
57,3452,2025-04-20T22:56:00,/product/2,181.78
126,3453,2025-03-26T03:26:00,/home,0
17,3454,2025-05-05T03:48:00,/cart,199.11
442,3455,2025-03-12T03:28:00,/home,191.51
453,3456,2025-05-11T08:08:00,/checkout,0
398,3457,2025-04-21T11:55:00,/checkout,87.7
424,3458,2025-05-13T04:04:00,/home,0
204,3459,2025-05-13T00:13:00,/home,0
367,3460,2025-04-04T03:02:00,/cart,0
64,3461,2025-01-19T20:44:00,/product/1,151.59
297,3462,2025-05-18T04:25:00,/home,73.29
337,3463,2025-03-03T20:45:00,/product/1,159.11
108,3464,2025-02-18T03:39:00,/home,0
356,3465,2025-01-14T11:36:00,/cart,98.32
126,3466,2025-05-18T19:17:00,/product/2,0
353,3467,2025-03-22T22:48:00,/product/2,139.91
291,3468,2025-02-20T02:47:00,/checkout,0
72,3469,2025-01-27T22:43:00,/checkout,0
114,3470,2025-03-09T12:16:00,/checkout,0
150,3471,2025-02-25T19:49:00,/product/1,0
157,3472,2025-03-28T12:33:00,/cart,0
80,3473,2025-05-16T09:25:00,/product/1,0
150,3474,2025-03-11T22:42:00,/product/2,0
15,3475,2025-02-08T12:45:00,/checkout,0
300,3476,2025-01-03T04:43:00,/product/2,0
261,3477,2025-05-16T16:57:00,/checkout,0
317,3478,2025-02-01T00:31:00,/product/2,0
301,3479,2025-04-02T05:19:00,/product/2,0
194,3480,2025-03-30T08:04:00,/product/1,96.41
248,3481,2025-03-11T03:41:00,/home,0
34,3482,2025-03-04T07:49:00,/product/1,0
115,3483,2025-01-28T07:44:00,/product/2,0
374,3484,2025-01-22T18:30:00,/product/1,0
236,3485,2025-04-14T15:46:00,/home,169.15
401,3486,2025-04-06T09:54:00,/product/1,72.71
17,3487,2025-03-14T13:02:00,/home,101.48
139,3488,2025-04-11T17:20:00,/checkout,107.55
41,3489,2025-01-11T04:33:00,/cart,0
127,3490,2025-02-14T13:04:00,/product/2,36.54
480,3491,2025-04-29T11:25:00,/product/1,0
368,3492,2025-03-25T00:34:00,/product/1,0
312,3493,2025-02-18T09:08:00,/checkout,0
381,3494,2025-02-04T14:11:00,/home,26.51
156,3495,2025-01-12T01:55:00,/product/1,0
300,3496,2025-05-19T15:49:00,/checkout,0
51,3497,2025-04-08T17:53:00,/home,0
325,3498,2025-01-14T07:10:00,/product/1,0
227,3499,2025-01-16T04:19:00,/cart,0
278,3500,2025-04-18T07:01:00,/product/1,0
154,3501,2025-04-14T15:26:00,/home,0
441,3502,2025-01-21T07:15:00,/cart,38.96
413,3503,2025-04-26T14:03:00,/checkout,198.45
129,3504,2025-05-18T08:43:00,/cart,0
253,3505,2025-04-25T21:26:00,/product/1,0
248,3506,2025-04-04T14:34:00,/product/2,59.93
445,3507,2025-04-07T21:10:00,/product/1,0
348,3508,2025-04-13T04:12:00,/checkout,0
226,3509,2025-01-21T07:01:00,/product/1,0
164,3510,2025-04-03T18:14:00,/cart,0
92,3511,2025-01-12T22:26:00,/cart,0
49,3512,2025-03-22T16:21:00,/product/2,0
276,3513,2025-02-03T06:02:00,/product/1,152.57
110,3514,2025-02-25T22:10:00,/checkout,0
393,3515,2025-04-07T13:21:00,/cart,0
154,3516,2025-04-21T23:03:00,/product/1,0
80,3517,2025-02-28T22:33:00,/product/1,0
203,3518,2025-02-01T06:30:00,/product/1,0
81,3519,2025-03-01T06:55:00,/checkout,130.7
404,3520,2025-03-17T21:30:00,/product/2,0
135,3521,2025-03-27T22:07:00,/product/2,0
157,3522,2025-03-02T18:03:00,/product/2,63.07
158,3523,2025-03-19T10:09:00,/checkout,0
214,3524,2025-01-02T00:47:00,/cart,0
210,3525,2025-03-06T08:57:00,/product/1,153.41
10,3526,2025-05-09T05:18:00,/product/1,0
367,3527,2025-02-16T14:10:00,/product/2,4.74
219,3528,2025-03-11T14:45:00,/product/2,0
379,3529,2025-02-06T07:25:00,/product/1,0
226,3530,2025-02-19T20:57:00,/home,0
83,3531,2025-03-01T06:03:00,/cart,118.59
488,3532,2025-01-09T08:58:00,/cart,0
466,3533,2025-05-09T14:41:00,/cart,0
311,3534,2025-04-17T16:46:00,/cart,0
29,3535,2025-04-27T10:34:00,/product/2,0
190,3536,2025-03-21T18:11:00,/product/2,0
69,3537,2025-05-17T12:02:00,/home,0
397,3538,2025-05-14T08:07:00,/cart,174.79
302,3539,2025-02-24T09:43:00,/checkout,0
46,3540,2025-03-21T18:47:00,/product/1,0
280,3541,2025-05-19T20:40:00,/product/2,0
419,3542,2025-02-23T01:13:00,/home,0
395,3543,2025-01-13T09:06:00,/product/2,72.25
396,3544,2025-03-23T03:54:00,/product/1,0
240,3545,2025-02-11T10:45:00,/cart,0
102,3546,2025-05-04T08:46:00,/product/2,0
383,3547,2025-01-05T05:05:00,/product/1,0
211,3548,2025-03-19T19:02:00,/cart,159.62
426,3549,2025-04-07T04:36:00,/home,102.45
9,3550,2025-04-13T23:38:00,/cart,191.96
448,3551,2025-03-01T12:59:00,/checkout,0
295,3552,2025-03-02T18:11:00,/home,113.06
499,3553,2025-04-12T15:12:00,/home,0
409,3554,2025-04-04T11:31:00,/home,0
240,3555,2025-04-22T01:16:00,/product/1,153.42
221,3556,2025-02-20T09:38:00,/cart,0
451,3557,2025-05-15T12:27:00,/product/1,0
38,3558,2025-02-03T01:44:00,/checkout,0
271,3559,2025-05-07T01:57:00,/cart,80.29
151,3560,2025-01-02T03:45:00,/checkout,3.77
116,3561,2025-02-28T16:31:00,/cart,0
439,3562,2025-02-10T13:49:00,/checkout,0
168,3563,2025-04-07T21:56:00,/cart,0
103,3564,2025-04-15T13:45:00,/product/2,142.98
296,3565,2025-01-28T18:44:00,/product/1,41.23
93,3566,2025-01-19T08:49:00,/home,0
484,3567,2025-01-08T04:22:00,/product/1,0
489,3568,2025-01-13T14:37:00,/product/2,185.69
337,3569,2025-02-08T00:17:00,/product/1,0
218,3570,2025-02-19T08:21:00,/product/1,43.45
182,3571,2025-01-05T23:15:00,/product/1,188.88
64,3572,2025-03-10T06:53:00,/home,0
381,3573,2025-05-15T16:43:00,/product/1,0
229,3574,2025-03-21T20:02:00,/cart,0
395,3575,2025-03-11T06:27:00,/checkout,18.57
90,3576,2025-04-03T05:49:00,/checkout,24.34
388,3577,2025-02-08T03:55:00,/home,148.13
184,3578,2025-05-17T11:24:00,/product/2,0
108,3579,2025-01-17T12:40:00,/checkout,0
131,3580,2025-04-03T14:41:00,/home,3.23
195,3581,2025-03-18T11:04:00,/cart,20.01
185,3582,2025-02-26T10:19:00,/home,0
435,3583,2025-04-29T16:38:00,/product/2,0
360,3584,2025-01-16T08:58:00,/cart,3.17
494,3585,2025-02-20T00:15:00,/product/2,0
434,3586,2025-02-15T07:53:00,/product/1,0
66,3587,2025-04-05T09:53:00,/product/1,0
241,3588,2025-05-19T18:29:00,/home,0
411,3589,2025-02-08T04:44:00,/product/2,0
213,3590,2025-01-29T16:03:00,/cart,0
480,3591,2025-04-05T09:47:00,/product/1,162.06
93,3592,2025-03-08T11:00:00,/home,6.0
105,3593,2025-02-25T17:13:00,/cart,0
466,3594,2025-02-18T06:35:00,/checkout,0
402,3595,2025-01-05T16:51:00,/product/2,0
241,3596,2025-01-07T05:31:00,/product/1,9.3
194,3597,2025-05-19T19:25:00,/checkout,33.95
52,3598,2025-01-03T17:16:00,/product/2,18.42
34,3599,2025-01-21T11:07:00,/cart,0
213,3600,2025-04-08T16:59:00,/cart,0
309,3601,2025-04-26T22:27:00,/home,0
241,3602,2025-02-16T18:14:00,/product/1,0
277,3603,2025-03-08T13:15:00,/checkout,0
50,3604,2025-03-28T23:29:00,/cart,170.39
101,3605,2025-01-23T21:46:00,/product/1,0
413,3606,2025-01-26T23:00:00,/product/1,0
381,3607,2025-01-18T06:08:00,/cart,0
315,3608,2025-01-20T03:44:00,/product/1,0
95,3609,2025-05-13T21:33:00,/product/2,0
499,3610,2025-03-26T03:09:00,/checkout,0
296,3611,2025-02-18T13:20:00,/product/1,0
192,3612,2025-05-01T08:50:00,/product/1,0
479,3613,2025-01-07T05:31:00,/cart,0
407,3614,2025-02-06T00:37:00,/product/1,0
325,3615,2025-01-07T05:02:00,/product/1,0
166,3616,2025-01-03T03:10:00,/checkout,0
440,3617,2025-03-04T14:31:00,/product/1,0
419,3618,2025-04-16T01:49:00,/cart,0
110,3619,2025-03-24T12:01:00,/checkout,0
226,3620,2025-01-22T10:45:00,/product/2,0
264,3621,2025-03-03T09:54:00,/product/2,37.26
175,3622,2025-03-30T17:17:00,/checkout,0
50,3623,2025-05-02T14:35:00,/product/2,52.57
401,3624,2025-03-08T12:33:00,/cart,0
494,3625,2025-04-09T21:47:00,/product/1,0
500,3626,2025-03-25T06:33:00,/home,0
365,3627,2025-02-23T19:59:00,/product/1,61.41
224,3628,2025-04-11T17:23:00,/home,194.34
94,3629,2025-03-14T08:57:00,/checkout,0
431,3630,2025-05-04T21:28:00,/product/1,39.74
382,3631,2025-03-06T10:22:00,/checkout,0
78,3632,2025-04-13T11:16:00,/checkout,0
410,3633,2025-04-08T01:23:00,/product/2,0
356,3634,2025-04-07T15:24:00,/product/1,0
52,3635,2025-05-04T20:41:00,/product/1,0
440,3636,2025-04-23T12:53:00,/product/1,150.22
78,3637,2025-04-09T10:53:00,/checkout,0
104,3638,2025-02-20T16:26:00,/home,189.78
152,3639,2025-03-12T22:56:00,/checkout,178.75
240,3640,2025-02-28T14:29:00,/product/1,60.0
39,3641,2025-02-15T18:04:00,/checkout,0
107,3642,2025-05-14T12:32:00,/checkout,0
35,3643,2025-01-11T18:44:00,/cart,0
247,3644,2025-01-30T04:09:00,/product/1,0
82,3645,2025-04-28T14:47:00,/cart,0
100,3646,2025-02-15T06:01:00,/product/2,0
494,3647,2025-02-20T06:48:00,/product/1,24.69
379,3648,2025-04-17T15:57:00,/product/1,0
73,3649,2025-05-03T09:03:00,/product/2,2.15
61,3650,2025-04-05T18:37:00,/product/2,0
396,3651,2025-04-25T10:09:00,/checkout,0
339,3652,2025-03-21T18:50:00,/product/2,108.25
313,3653,2025-03-24T17:09:00,/product/1,0
387,3654,2025-05-12T01:45:00,/product/2,189.9
21,3655,2025-03-11T10:48:00,/product/2,0
239,3656,2025-03-19T12:49:00,/checkout,0
364,3657,2025-05-06T20:56:00,/cart,44.93
53,3658,2025-01-17T02:58:00,/checkout,173.02
124,3659,2025-05-02T01:02:00,/cart,192.65
216,3660,2025-01-11T07:31:00,/home,56.04
371,3661,2025-05-14T08:05:00,/product/2,128.05
169,3662,2025-03-18T09:27:00,/product/2,16.62
52,3663,2025-05-10T19:33:00,/cart,0
254,3664,2025-02-10T07:15:00,/checkout,0
137,3665,2025-01-19T22:13:00,/cart,0
429,3666,2025-04-13T23:13:00,/cart,0
446,3667,2025-05-02T12:36:00,/cart,0
56,3668,2025-04-18T11:14:00,/home,0
61,3669,2025-02-13T10:31:00,/product/2,0
364,3670,2025-04-20T22:04:00,/cart,143.66
21,3671,2025-03-05T05:23:00,/cart,114.67
268,3672,2025-01-07T18:51:00,/cart,125.62
399,3673,2025-03-20T14:33:00,/home,0
93,3674,2025-01-05T09:29:00,/product/2,0
472,3675,2025-03-17T00:41:00,/home,169.89
130,3676,2025-03-07T06:41:00,/product/2,0
495,3677,2025-02-15T06:35:00,/product/2,0
25,3678,2025-03-01T01:48:00,/cart,0
326,3679,2025-02-17T21:49:00,/product/1,0
395,3680,2025-04-10T15:05:00,/product/2,150.66
400,3681,2025-02-01T07:43:00,/cart,66.75
316,3682,2025-04-08T23:35:00,/product/1,0
157,3683,2025-01-19T10:34:00,/home,0
161,3684,2025-04-24T04:41:00,/cart,0
388,3685,2025-03-11T16:01:00,/product/1,0
363,3686,2025-03-30T08:55:00,/product/2,0
225,3687,2025-03-07T19:15:00,/product/1,64.55
58,3688,2025-02-04T13:12:00,/checkout,0
260,3689,2025-05-08T11:20:00,/checkout,0
287,3690,2025-04-08T23:40:00,/product/1,0
357,3691,2025-01-14T19:45:00,/product/1,0
365,3692,2025-04-19T20:34:00,/cart,29.15
175,3693,2025-04-07T23:57:00,/product/2,0
472,3694,2025-03-12T03:08:00,/home,147.26
449,3695,2025-02-23T12:07:00,/checkout,0
43,3696,2025-02-28T22:51:00,/product/1,0
21,3697,2025-02-14T18:22:00,/checkout,0
141,3698,2025-01-05T19:09:00,/cart,0
356,3699,2025-02-09T20:43:00,/product/1,88.07
416,3700,2025-02-09T07:34:00,/product/1,0
125,3701,2025-01-04T18:45:00,/checkout,0
225,3702,2025-03-17T11:05:00,/checkout,0
291,3703,2025-02-04T23:54:00,/cart,0
266,3704,2025-04-16T17:58:00,/cart,0
455,3705,2025-03-12T11:16:00,/product/2,196.38
412,3706,2025-02-17T23:29:00,/cart,0
461,3707,2025-02-12T17:26:00,/product/2,0
40,3708,2025-05-07T04:37:00,/product/1,0
424,3709,2025-05-08T20:59:00,/product/1,115.79
50,3710,2025-04-03T09:05:00,/cart,0
54,3711,2025-04-20T23:18:00,/product/1,143.51
331,3712,2025-04-11T20:46:00,/product/1,0
295,3713,2025-01-10T16:26:00,/cart,0
255,3714,2025-04-18T14:23:00,/cart,0
88,3715,2025-01-05T00:37:00,/checkout,0
333,3716,2025-01-11T11:25:00,/product/2,0
362,3717,2025-01-27T22:05:00,/home,0
34,3718,2025-05-11T20:47:00,/product/2,0
486,3719,2025-05-13T11:38:00,/home,98.16
361,3720,2025-01-25T06:38:00,/cart,0
232,3721,2025-02-26T09:38:00,/checkout,0
156,3722,2025-03-02T04:07:00,/product/1,0
449,3723,2025-04-03T11:17:00,/cart,0
277,3724,2025-05-05T00:44:00,/checkout,0
4,3725,2025-04-21T23:21:00,/home,71.67
62,3726,2025-01-13T22:15:00,/checkout,0
212,3727,2025-05-13T23:04:00,/product/1,49.76
308,3728,2025-05-19T03:20:00,/product/1,5.9
476,3729,2025-04-01T02:34:00,/home,0
49,3730,2025-03-15T11:09:00,/checkout,137.07
413,3731,2025-03-16T04:43:00,/cart,0
71,3732,2025-03-04T11:52:00,/product/1,0
182,3733,2025-02-02T07:07:00,/cart,99.94
95,3734,2025-02-17T10:09:00,/cart,0
180,3735,2025-04-28T19:46:00,/home,0
385,3736,2025-01-18T02:48:00,/checkout,0
451,3737,2025-04-21T08:21:00,/home,11.83
192,3738,2025-01-18T09:12:00,/product/1,0
271,3739,2025-01-03T06:57:00,/home,0
157,3740,2025-01-06T00:49:00,/checkout,0
440,3741,2025-01-13T15:09:00,/product/1,0
318,3742,2025-04-01T16:40:00,/product/1,0
500,3743,2025-03-04T20:24:00,/home,182.52
308,3744,2025-03-10T02:45:00,/checkout,0
226,3745,2025-05-09T14:10:00,/product/1,0
417,3746,2025-03-23T00:41:00,/home,0
479,3747,2025-04-08T20:45:00,/home,62.33
150,3748,2025-01-20T14:52:00,/product/2,0
303,3749,2025-04-05T09:18:00,/product/1,99.53
309,3750,2025-01-29T06:18:00,/checkout,187.56
476,3751,2025-04-30T20:58:00,/checkout,156.81
484,3752,2025-01-22T04:28:00,/checkout,0
127,3753,2025-03-08T13:44:00,/product/1,0
419,3754,2025-03-31T08:11:00,/product/1,8.32
31,3755,2025-03-29T11:00:00,/checkout,0
267,3756,2025-01-17T13:22:00,/product/2,112.6
360,3757,2025-04-07T20:01:00,/checkout,0
280,3758,2025-04-28T02:10:00,/product/1,0
70,3759,2025-03-23T12:55:00,/product/1,0
321,3760,2025-03-19T14:37:00,/cart,0
43,3761,2025-03-31T06:52:00,/home,0
165,3762,2025-04-13T04:09:00,/cart,0
157,3763,2025-04-01T14:06:00,/product/2,139.78
271,3764,2025-01-08T13:53:00,/product/1,61.42
301,3765,2025-05-17T03:24:00,/checkout,0
329,3766,2025-02-27T02:22:00,/home,0
25,3767,2025-02-25T03:35:00,/cart,0
494,3768,2025-04-08T21:31:00,/home,136.83
223,3769,2025-05-15T10:43:00,/checkout,0
92,3770,2025-04-03T14:44:00,/product/2,0
23,3771,2025-02-09T01:08:00,/home,0
96,3772,2025-02-10T08:02:00,/product/2,0
105,3773,2025-04-01T03:53:00,/product/1,0
314,3774,2025-01-03T20:07:00,/home,41.21
353,3775,2025-01-22T04:15:00,/product/2,0
124,3776,2025-05-01T01:48:00,/product/2,197.42
424,3777,2025-02-11T13:46:00,/product/2,80.39
80,3778,2025-01-26T18:57:00,/checkout,0
343,3779,2025-02-17T00:01:00,/cart,0
364,3780,2025-04-24T23:52:00,/product/2,0
450,3781,2025-04-29T22:28:00,/product/2,0
6,3782,2025-03-17T17:02:00,/cart,0
432,3783,2025-02-04T11:55:00,/cart,0
6,3784,2025-04-25T01:22:00,/cart,0
393,3785,2025-03-23T18:16:00,/product/1,0
115,3786,2025-01-13T20:07:00,/home,0
462,3787,2025-03-30T22:26:00,/home,0
168,3788,2025-01-31T11:14:00,/product/2,143.0
356,3789,2025-03-14T11:46:00,/product/2,0
146,3790,2025-04-14T18:50:00,/product/2,0
62,3791,2025-03-13T21:22:00,/product/1,110.95
255,3792,2025-02-06T13:15:00,/product/1,0
19,3793,2025-03-27T08:54:00,/cart,0
118,3794,2025-01-07T22:09:00,/cart,0
391,3795,2025-05-07T06:27:00,/home,0
316,3796,2025-03-09T12:29:00,/cart,88.4
394,3797,2025-01-08T11:21:00,/checkout,37.79
108,3798,2025-05-12T23:10:00,/product/2,0
8,3799,2025-01-28T19:12:00,/product/2,50.16
90,3800,2025-03-05T17:41:00,/cart,0
330,3801,2025-01-11T06:32:00,/cart,0
485,3802,2025-02-23T02:55:00,/checkout,0
95,3803,2025-04-25T04:20:00,/product/1,0
370,3804,2025-03-21T21:27:00,/home,13.88
126,3805,2025-04-20T12:41:00,/checkout,0
83,3806,2025-01-27T02:21:00,/checkout,11.34
351,3807,2025-01-12T20:33:00,/cart,0
9,3808,2025-04-23T14:38:00,/product/1,64.33
20,3809,2025-01-27T02:54:00,/home,0
4,3810,2025-03-11T09:32:00,/home,0
417,3811,2025-03-12T13:07:00,/checkout,0
115,3812,2025-05-19T17:59:00,/home,0
38,3813,2025-01-04T14:28:00,/cart,128.96
145,3814,2025-05-05T19:28:00,/checkout,0
467,3815,2025-05-17T04:21:00,/product/1,0
314,3816,2025-02-15T12:27:00,/product/2,127.34
246,3817,2025-01-28T21:04:00,/cart,0
185,3818,2025-02-10T17:58:00,/product/1,0
375,3819,2025-02-01T17:45:00,/cart,176.39
189,3820,2025-05-15T17:08:00,/home,0
154,3821,2025-01-27T05:04:00,/home,0
364,3822,2025-04-09T13:50:00,/product/1,25.0
321,3823,2025-03-06T06:01:00,/product/1,84.23
214,3824,2025-03-25T20:18:00,/cart,0
199,3825,2025-03-26T09:08:00,/product/2,0
341,3826,2025-03-14T14:44:00,/product/1,41.18
112,3827,2025-05-10T17:21:00,/product/1,0
486,3828,2025-05-13T18:23:00,/checkout,0
238,3829,2025-04-10T19:08:00,/cart,0
158,3830,2025-02-08T20:51:00,/cart,0
56,3831,2025-04-09T19:39:00,/cart,0
427,3832,2025-04-24T12:31:00,/cart,0
112,3833,2025-03-03T11:21:00,/checkout,131.93
480,3834,2025-04-05T04:59:00,/cart,0
227,3835,2025-01-05T08:08:00,/product/1,0
342,3836,2025-02-01T08:58:00,/product/2,136.13
394,3837,2025-01-29T08:56:00,/cart,0
411,3838,2025-02-06T00:14:00,/product/1,0
240,3839,2025-02-14T17:28:00,/product/1,97.34
313,3840,2025-04-22T11:17:00,/checkout,175.18
347,3841,2025-01-18T16:04:00,/home,0
5,3842,2025-01-10T14:28:00,/product/2,62.66
462,3843,2025-03-06T22:25:00,/product/1,191.59
158,3844,2025-01-13T00:27:00,/product/2,0
162,3845,2025-04-17T05:07:00,/cart,0
361,3846,2025-02-01T21:32:00,/product/2,0
411,3847,2025-04-13T06:55:00,/product/1,30.4
213,3848,2025-01-22T13:28:00,/checkout,81.94
288,3849,2025-04-11T13:07:00,/cart,0
144,3850,2025-05-06T14:29:00,/product/1,132.77
76,3851,2025-03-22T23:48:00,/home,27.12
196,3852,2025-03-28T01:45:00,/cart,0
393,3853,2025-01-04T15:10:00,/checkout,0
419,3854,2025-03-07T23:16:00,/cart,0
94,3855,2025-03-23T10:25:00,/home,189.32
291,3856,2025-03-04T14:12:00,/product/2,177.3
36,3857,2025-02-02T06:21:00,/product/1,0
347,3858,2025-03-13T15:44:00,/product/1,0
479,3859,2025-05-02T18:29:00,/product/1,64.14
365,3860,2025-01-16T02:57:00,/product/2,0
410,3861,2025-04-01T01:35:00,/home,0
303,3862,2025-03-18T01:07:00,/product/1,0
130,3863,2025-02-04T22:57:00,/checkout,0
267,3864,2025-01-05T06:25:00,/cart,0
86,3865,2025-01-10T11:14:00,/product/1,52.62
222,3866,2025-03-03T10:38:00,/home,0
389,3867,2025-04-30T13:08:00,/cart,0
171,3868,2025-04-11T08:33:00,/home,0
475,3869,2025-04-24T15:02:00,/home,3.84
195,3870,2025-02-06T08:15:00,/cart,0
19,3871,2025-05-07T13:45:00,/product/2,0
172,3872,2025-03-08T18:32:00,/checkout,156.82
209,3873,2025-05-09T18:09:00,/product/2,0
178,3874,2025-05-11T21:52:00,/product/2,0
251,3875,2025-02-21T06:30:00,/product/2,0
231,3876,2025-05-03T07:10:00,/home,182.67
442,3877,2025-04-03T14:56:00,/home,0
66,3878,2025-05-19T17:30:00,/home,0
91,3879,2025-03-09T23:21:00,/home,0
411,3880,2025-02-13T03:13:00,/home,1.93
7,3881,2025-05-15T01:49:00,/product/2,123.49
80,3882,2025-04-17T02:05:00,/cart,0
170,3883,2025-05-02T01:09:00,/home,0
29,3884,2025-05-09T04:28:00,/product/1,0
382,3885,2025-01-15T18:34:00,/product/1,0
488,3886,2025-01-17T16:08:00,/home,0
352,3887,2025-02-12T10:19:00,/product/1,0
41,3888,2025-03-12T10:23:00,/product/2,0
99,3889,2025-03-28T15:52:00,/product/1,99.06
362,3890,2025-02-03T20:55:00,/cart,0
347,3891,2025-04-18T17:39:00,/home,0
260,3892,2025-01-02T03:35:00,/home,0
102,3893,2025-02-17T22:12:00,/product/1,115.09
97,3894,2025-05-08T10:12:00,/home,15.16
96,3895,2025-02-28T12:14:00,/product/1,0
326,3896,2025-04-18T19:50:00,/product/2,0
260,3897,2025-04-27T14:48:00,/product/2,0
129,3898,2025-03-04T18:16:00,/product/1,0
336,3899,2025-05-05T10:23:00,/product/2,0
83,3900,2025-01-12T18:28:00,/home,0
177,3901,2025-05-14T10:09:00,/home,0
419,3902,2025-03-20T07:06:00,/home,0
461,3903,2025-05-11T08:43:00,/cart,0
382,3904,2025-05-03T18:56:00,/home,0
395,3905,2025-03-07T19:19:00,/checkout,0
34,3906,2025-04-14T14:52:00,/product/2,63.81
184,3907,2025-05-16T02:41:00,/cart,0
154,3908,2025-03-31T00:51:00,/product/2,0
382,3909,2025-02-04T15:22:00,/product/1,0
22,3910,2025-05-06T18:26:00,/product/2,0
451,3911,2025-03-26T00:56:00,/product/2,169.3
498,3912,2025-03-15T09:47:00,/cart,92.88
79,3913,2025-01-26T20:46:00,/cart,0
13,3914,2025-01-26T09:11:00,/product/2,0
446,3915,2025-04-26T02:05:00,/product/1,0
8,3916,2025-03-21T01:50:00,/product/1,0
485,3917,2025-02-03T11:30:00,/product/1,0
201,3918,2025-03-27T23:27:00,/product/1,0
102,3919,2025-01-04T22:43:00,/cart,0
156,3920,2025-04-11T00:03:00,/product/2,0
250,3921,2025-04-21T11:15:00,/cart,0
486,3922,2025-01-30T02:16:00,/cart,11.95
493,3923,2025-01-20T07:10:00,/home,141.2
312,3924,2025-02-22T16:03:00,/product/1,0
483,3925,2025-03-31T23:19:00,/product/1,0
7,3926,2025-02-26T01:42:00,/product/1,0
160,3927,2025-05-05T12:41:00,/checkout,0
63,3928,2025-04-20T01:34:00,/product/1,0
175,3929,2025-05-12T22:30:00,/product/2,172.82
190,3930,2025-04-13T21:57:00,/cart,0
229,3931,2025-03-09T08:35:00,/cart,0
484,3932,2025-03-01T09:11:00,/product/1,180.51
325,3933,2025-03-28T16:29:00,/product/2,0
296,3934,2025-03-02T06:25:00,/product/1,193.09
401,3935,2025-04-26T04:13:00,/checkout,45.79
304,3936,2025-04-21T22:27:00,/product/1,49.82
289,3937,2025-03-27T12:22:00,/home,0
451,3938,2025-01-18T09:36:00,/cart,124.72
42,3939,2025-04-07T08:15:00,/cart,0
462,3940,2025-05-13T11:55:00,/product/2,0
200,3941,2025-02-05T04:01:00,/product/2,72.76
399,3942,2025-01-11T17:52:00,/cart,0
325,3943,2025-01-01T13:20:00,/product/2,0
318,3944,2025-03-29T20:18:00,/checkout,0
140,3945,2025-02-28T06:15:00,/cart,120.95
275,3946,2025-02-06T10:04:00,/product/1,119.52
62,3947,2025-02-23T19:34:00,/home,38.99
410,3948,2025-04-02T18:34:00,/product/2,0
193,3949,2025-03-19T00:04:00,/home,0
105,3950,2025-01-27T05:24:00,/product/2,0
334,3951,2025-04-28T05:37:00,/cart,0
239,3952,2025-01-27T20:56:00,/cart,0
285,3953,2025-01-29T13:50:00,/checkout,0
161,3954,2025-01-20T14:44:00,/product/2,0
102,3955,2025-05-09T13:51:00,/checkout,0
84,3956,2025-04-17T18:22:00,/product/1,0
9,3957,2025-01-23T13:23:00,/home,110.52
189,3958,2025-01-26T19:19:00,/product/2,75.01
14,3959,2025-04-25T11:39:00,/cart,0
203,3960,2025-02-02T09:41:00,/product/2,0
390,3961,2025-01-07T06:52:00,/product/2,0
388,3962,2025-04-14T11:56:00,/home,11.17
368,3963,2025-05-10T22:02:00,/product/1,0
475,3964,2025-01-13T08:38:00,/product/1,0
268,3965,2025-01-30T17:49:00,/product/1,0
185,3966,2025-03-07T00:06:00,/product/2,0
176,3967,2025-05-17T16:31:00,/home,0
280,3968,2025-01-12T07:32:00,/checkout,0
405,3969,2025-03-14T02:06:00,/product/1,0
46,3970,2025-02-07T17:30:00,/cart,0
391,3971,2025-02-17T11:15:00,/product/1,0
331,3972,2025-05-05T10:21:00,/checkout,0
330,3973,2025-05-07T22:29:00,/product/1,0
22,3974,2025-02-09T20:49:00,/product/1,190.88
71,3975,2025-04-02T03:05:00,/product/2,0
388,3976,2025-04-26T11:25:00,/cart,0
392,3977,2025-02-22T17:27:00,/cart,0
366,3978,2025-05-07T21:47:00,/cart,0
21,3979,2025-02-06T10:21:00,/checkout,0
118,3980,2025-04-17T02:01:00,/cart,0
360,3981,2025-01-15T16:15:00,/checkout,101.83
425,3982,2025-01-30T21:18:00,/cart,0
275,3983,2025-01-02T08:06:00,/checkout,0
285,3984,2025-03-10T03:20:00,/checkout,0
428,3985,2025-02-06T16:44:00,/checkout,0
101,3986,2025-03-01T12:56:00,/product/2,0
334,3987,2025-02-21T22:51:00,/cart,0
309,3988,2025-04-29T14:02:00,/checkout,40.92
58,3989,2025-01-08T14:00:00,/cart,148.56
448,3990,2025-02-07T10:12:00,/product/1,147.14
153,3991,2025-05-06T13:33:00,/product/1,163.57
185,3992,2025-03-26T10:17:00,/home,0
118,3993,2025-04-14T04:35:00,/product/2,0
13,3994,2025-02-26T09:58:00,/home,0
93,3995,2025-03-02T18:58:00,/product/1,0
369,3996,2025-03-12T17:41:00,/product/2,0
201,3997,2025-04-20T13:21:00,/product/1,96.04
306,3998,2025-02-21T22:40:00,/product/1,0
55,3999,2025-01-01T01:10:00,/home,0
439,4000,2025-01-03T00:59:00,/product/2,60.69
196,4001,2025-05-13T15:56:00,/checkout,19.45
189,4002,2025-02-09T04:41:00,/product/1,148.37
191,4003,2025-01-14T20:29:00,/product/2,0
12,4004,2025-02-24T03:39:00,/home,60.41
135,4005,2025-03-25T04:20:00,/product/1,0
326,4006,2025-05-16T11:43:00,/home,186.41
90,4007,2025-01-03T14:40:00,/home,0
121,4008,2025-03-24T20:59:00,/checkout,0
140,4009,2025-02-19T03:56:00,/home,95.94
375,4010,2025-05-06T22:31:00,/product/1,0
204,4011,2025-05-04T10:18:00,/cart,0
255,4012,2025-03-20T17:34:00,/cart,0
499,4013,2025-01-03T09:58:00,/checkout,131.32
492,4014,2025-02-21T02:56:00,/product/2,40.54
137,4015,2025-01-05T10:39:00,/product/2,37.61
354,4016,2025-03-23T13:17:00,/home,8.82
289,4017,2025-03-21T06:02:00,/checkout,97.71
119,4018,2025-05-11T06:22:00,/home,0
46,4019,2025-04-19T20:54:00,/product/2,0
242,4020,2025-04-10T03:21:00,/product/1,0
462,4021,2025-03-09T14:06:00,/checkout,0
165,4022,2025-05-14T20:06:00,/product/2,0
298,4023,2025-03-15T03:24:00,/product/2,0
178,4024,2025-02-23T05:43:00,/product/1,150.33
254,4025,2025-05-04T00:13:00,/checkout,0
493,4026,2025-03-20T14:10:00,/home,0
454,4027,2025-01-26T01:21:00,/product/2,129.09
231,4028,2025-05-18T04:58:00,/checkout,32.86
22,4029,2025-03-04T12:34:00,/checkout,196.54
75,4030,2025-04-20T00:09:00,/product/2,0
426,4031,2025-05-16T14:03:00,/product/1,114.74
418,4032,2025-02-07T11:12:00,/cart,0
215,4033,2025-01-21T08:48:00,/checkout,0
267,4034,2025-01-19T21:34:00,/checkout,0
479,4035,2025-04-11T04:56:00,/product/1,136.8
404,4036,2025-03-02T23:11:00,/cart,0
375,4037,2025-03-09T23:04:00,/checkout,104.62
420,4038,2025-03-13T12:10:00,/product/1,0
384,4039,2025-03-16T06:34:00,/home,0
330,4040,2025-03-24T14:02:00,/product/1,179.05
97,4041,2025-05-11T09:08:00,/home,193.86
410,4042,2025-01-20T14:59:00,/cart,0
37,4043,2025-05-07T12:13:00,/product/2,0
208,4044,2025-02-25T03:12:00,/product/1,0
50,4045,2025-02-04T18:31:00,/home,0
152,4046,2025-01-23T00:59:00,/product/1,0
398,4047,2025-05-04T21:04:00,/home,0
232,4048,2025-01-22T15:42:00,/cart,132.32
6,4049,2025-05-08T00:48:00,/checkout,0
199,4050,2025-03-10T06:01:00,/product/1,0
318,4051,2025-04-18T08:23:00,/cart,0
304,4052,2025-01-08T14:57:00,/cart,100.0
180,4053,2025-01-06T15:37:00,/product/2,172.23
197,4054,2025-05-18T01:32:00,/checkout,84.54
301,4055,2025-04-23T21:50:00,/product/2,136.97
14,4056,2025-03-11T04:06:00,/home,151.81
45,4057,2025-03-28T10:44:00,/product/2,0
43,4058,2025-02-14T16:07:00,/home,0
384,4059,2025-03-03T10:02:00,/product/1,0
241,4060,2025-01-07T06:02:00,/product/2,0
398,4061,2025-05-09T03:59:00,/cart,0
211,4062,2025-01-18T06:51:00,/home,0
304,4063,2025-05-03T22:10:00,/home,88.89
258,4064,2025-02-02T23:49:00,/cart,0
290,4065,2025-03-12T15:58:00,/checkout,0
25,4066,2025-02-16T02:15:00,/checkout,0
265,4067,2025-03-31T09:38:00,/product/1,58.68
84,4068,2025-01-08T05:57:00,/product/2,0
219,4069,2025-01-20T23:10:00,/product/1,15.36
247,4070,2025-03-30T12:26:00,/product/1,0
398,4071,2025-05-16T12:54:00,/product/1,8.77
94,4072,2025-02-10T16:08:00,/product/2,116.71
253,4073,2025-02-11T15:20:00,/cart,189.61
60,4074,2025-01-19T11:37:00,/product/1,0
380,4075,2025-04-21T04:11:00,/checkout,0
255,4076,2025-03-08T18:01:00,/cart,0
269,4077,2025-05-07T07:18:00,/product/2,0
55,4078,2025-03-18T04:59:00,/cart,0
224,4079,2025-04-12T10:48:00,/cart,0
45,4080,2025-02-17T20:05:00,/product/2,0
260,4081,2025-02-14T06:41:00,/product/1,0
83,4082,2025-01-16T17:23:00,/checkout,0
101,4083,2025-03-23T05:02:00,/checkout,0
135,4084,2025-03-28T23:53:00,/home,131.25
299,4085,2025-03-17T05:32:00,/home,0
119,4086,2025-02-06T20:30:00,/product/1,0
383,4087,2025-05-08T16:47:00,/cart,0
31,4088,2025-04-03T21:04:00,/home,0
341,4089,2025-02-18T09:40:00,/checkout,0
156,4090,2025-01-25T22:49:00,/product/2,172.12
411,4091,2025-02-08T21:03:00,/product/1,0
245,4092,2025-03-29T03:37:00,/product/1,0
199,4093,2025-04-11T16:14:00,/checkout,14.18
342,4094,2025-01-24T02:40:00,/checkout,0
390,4095,2025-01-13T09:04:00,/cart,0
38,4096,2025-04-14T01:34:00,/product/1,0
386,4097,2025-03-17T06:38:00,/product/2,165.6
209,4098,2025-01-11T20:42:00,/cart,0
165,4099,2025-03-13T20:09:00,/home,0
372,4100,2025-03-10T00:38:00,/cart,0
429,4101,2025-02-10T21:49:00,/product/1,0
487,4102,2025-04-03T18:14:00,/cart,0
387,4103,2025-04-26T15:51:00,/product/1,0
267,4104,2025-02-22T08:39:00,/cart,86.55
16,4105,2025-03-17T23:17:00,/home,0
361,4106,2025-01-27T11:58:00,/home,0
202,4107,2025-02-21T02:58:00,/cart,0
470,4108,2025-03-04T03:57:00,/product/2,121.06
471,4109,2025-02-26T02:17:00,/cart,0
198,4110,2025-05-18T21:12:00,/checkout,0
473,4111,2025-05-05T04:30:00,/checkout,0
403,4112,2025-04-15T11:47:00,/product/1,0
47,4113,2025-05-06T20:52:00,/cart,106.55
316,4114,2025-04-25T22:28:00,/home,0
138,4115,2025-02-19T09:06:00,/product/2,0
117,4116,2025-02-26T23:44:00,/product/2,113.2
179,4117,2025-02-25T18:27:00,/product/1,103.53
211,4118,2025-02-20T16:52:00,/product/2,0
343,4119,2025-04-30T23:42:00,/product/1,178.11
72,4120,2025-05-06T07:22:00,/product/2,0
352,4121,2025-03-07T19:21:00,/checkout,0
105,4122,2025-03-26T05:31:00,/checkout,0
61,4123,2025-05-12T21:47:00,/product/2,0
106,4124,2025-04-19T21:16:00,/product/2,0
332,4125,2025-04-01T11:13:00,/product/2,0
248,4126,2025-05-11T12:48:00,/product/2,91.82
175,4127,2025-01-27T15:22:00,/product/2,0
130,4128,2025-01-23T15:38:00,/cart,196.77
2,4129,2025-01-13T02:44:00,/product/1,50.96
254,4130,2025-03-24T18:52:00,/checkout,0
142,4131,2025-04-04T01:06:00,/checkout,0
137,4132,2025-01-10T06:47:00,/cart,0
251,4133,2025-04-19T08:46:00,/home,0
199,4134,2025-02-27T00:08:00,/home,0
63,4135,2025-03-07T18:41:00,/home,0
36,4136,2025-02-20T11:47:00,/home,0
138,4137,2025-01-24T04:42:00,/home,137.34
105,4138,2025-01-08T06:29:00,/checkout,0
58,4139,2025-03-03T11:01:00,/checkout,56.84
124,4140,2025-02-11T23:01:00,/product/1,0
293,4141,2025-05-17T20:20:00,/product/2,70.71
122,4142,2025-01-28T14:48:00,/home,0
163,4143,2025-05-19T18:45:00,/product/1,0
495,4144,2025-03-11T18:32:00,/product/1,0
9,4145,2025-01-30T04:46:00,/home,0
315,4146,2025-02-19T02:27:00,/cart,0
127,4147,2025-03-15T23:35:00,/product/1,0
313,4148,2025-01-31T03:42:00,/product/1,55.89
2,4149,2025-02-13T11:12:00,/product/2,0
441,4150,2025-04-20T04:12:00,/cart,0
119,4151,2025-01-19T06:30:00,/home,0
228,4152,2025-03-22T13:25:00,/product/1,76.9
315,4153,2025-05-17T15:49:00,/cart,0
392,4154,2025-02-19T11:10:00,/product/1,98.3
405,4155,2025-04-06T09:06:00,/product/2,0
256,4156,2025-04-03T09:33:00,/checkout,0
227,4157,2025-04-21T10:04:00,/product/1,0
361,4158,2025-01-15T01:58:00,/checkout,136.66
87,4159,2025-03-15T13:07:00,/product/1,0
181,4160,2025-03-15T17:55:00,/product/2,0
149,4161,2025-02-12T00:47:00,/cart,0
241,4162,2025-01-05T10:03:00,/checkout,0
358,4163,2025-01-12T18:39:00,/cart,4.38
293,4164,2025-03-04T20:07:00,/product/2,0
252,4165,2025-03-21T10:11:00,/cart,17.89
131,4166,2025-03-05T09:26:00,/product/1,0
467,4167,2025-02-17T07:20:00,/cart,0
113,4168,2025-04-17T14:03:00,/checkout,0
415,4169,2025-02-05T15:04:00,/home,72.91
390,4170,2025-02-11T14:40:00,/home,31.75
316,4171,2025-05-07T13:52:00,/checkout,0
41,4172,2025-04-06T14:52:00,/product/2,0
151,4173,2025-01-26T18:48:00,/cart,0
469,4174,2025-02-03T20:44:00,/product/1,0
86,4175,2025-04-05T18:08:00,/home,0
48,4176,2025-04-24T00:56:00,/home,0
401,4177,2025-05-15T21:53:00,/product/1,0
241,4178,2025-03-19T01:16:00,/product/1,0
414,4179,2025-02-05T13:39:00,/checkout,13.48
52,4180,2025-02-18T23:28:00,/product/1,0
399,4181,2025-03-26T04:51:00,/checkout,144.64
79,4182,2025-04-08T03:35:00,/product/1,0
5,4183,2025-03-01T06:02:00,/product/1,102.65
11,4184,2025-04-02T04:31:00,/checkout,78.76
86,4185,2025-01-09T19:13:00,/cart,0
68,4186,2025-02-14T00:59:00,/checkout,114.77
143,4187,2025-03-26T04:16:00,/product/1,0
364,4188,2025-01-21T00:03:00,/product/1,0
311,4189,2025-05-18T08:31:00,/home,0
194,4190,2025-01-25T17:46:00,/home,0
271,4191,2025-03-31T04:39:00,/cart,0
372,4192,2025-03-15T12:39:00,/checkout,0
332,4193,2025-04-05T14:24:00,/product/2,115.49
429,4194,2025-05-17T09:55:00,/cart,104.69
209,4195,2025-01-31T09:10:00,/checkout,25.25
19,4196,2025-02-07T15:55:00,/home,0
189,4197,2025-02-24T07:54:00,/home,0
212,4198,2025-03-11T15:29:00,/cart,0
13,4199,2025-02-27T06:16:00,/cart,0
9,4200,2025-02-09T05:50:00,/cart,150.07
231,4201,2025-04-18T11:37:00,/product/1,0
155,4202,2025-03-14T03:43:00,/product/1,0
462,4203,2025-02-11T08:05:00,/cart,0
205,4204,2025-03-26T21:30:00,/cart,0
105,4205,2025-03-26T08:11:00,/product/1,0
27,4206,2025-02-14T16:01:00,/product/1,184.55
152,4207,2025-03-10T02:11:00,/home,0
466,4208,2025-03-12T08:53:00,/cart,0
151,4209,2025-03-06T14:01:00,/checkout,0
21,4210,2025-03-29T06:47:00,/home,0
100,4211,2025-02-26T11:54:00,/checkout,0
52,4212,2025-01-27T13:37:00,/checkout,0
13,4213,2025-04-03T18:04:00,/product/1,0
191,4214,2025-01-05T09:28:00,/cart,0
409,4215,2025-04-22T13:54:00,/cart,0
168,4216,2025-02-21T20:51:00,/product/2,0
265,4217,2025-04-17T14:37:00,/home,151.7
222,4218,2025-04-04T13:34:00,/home,0
281,4219,2025-05-13T15:35:00,/checkout,0
496,4220,2025-01-28T21:54:00,/cart,0
366,4221,2025-03-22T01:47:00,/product/2,0
391,4222,2025-02-05T17:47:00,/home,0
142,4223,2025-03-13T19:09:00,/product/1,0
156,4224,2025-01-03T04:55:00,/product/1,0
292,4225,2025-02-05T06:07:00,/cart,176.63
219,4226,2025-04-10T14:07:00,/checkout,0
470,4227,2025-02-08T08:11:00,/home,32.68
20,4228,2025-02-18T08:01:00,/cart,43.82
469,4229,2025-01-31T03:32:00,/cart,0
343,4230,2025-03-25T16:03:00,/product/2,0
191,4231,2025-03-27T08:46:00,/product/2,0
281,4232,2025-05-16T02:20:00,/product/2,0
168,4233,2025-04-06T21:13:00,/product/1,0
428,4234,2025-05-11T10:42:00,/checkout,0
143,4235,2025-04-19T02:34:00,/product/1,0
12,4236,2025-03-20T23:37:00,/cart,0
482,4237,2025-04-03T15:08:00,/product/2,0
371,4238,2025-03-15T16:12:00,/home,60.07
442,4239,2025-02-16T21:39:00,/home,111.0
433,4240,2025-02-09T20:37:00,/product/1,0
79,4241,2025-01-18T22:46:00,/checkout,0
212,4242,2025-05-16T04:08:00,/cart,0
170,4243,2025-02-24T10:43:00,/home,0
320,4244,2025-03-29T14:16:00,/home,185.22
30,4245,2025-03-21T07:16:00,/cart,30.81
243,4246,2025-01-06T13:40:00,/product/2,23.65
121,4247,2025-03-30T13:38:00,/cart,79.27
110,4248,2025-03-15T18:51:00,/cart,57.29
313,4249,2025-01-31T00:26:00,/product/2,0
168,4250,2025-04-19T00:48:00,/cart,20.13
43,4251,2025-05-15T05:52:00,/home,0
220,4252,2025-03-31T16:24:00,/home,158.72
358,4253,2025-04-28T23:01:00,/product/1,0.42
91,4254,2025-01-06T22:48:00,/product/1,0
432,4255,2025-03-08T18:25:00,/product/2,0
45,4256,2025-01-08T08:38:00,/product/1,66.03
20,4257,2025-04-17T02:34:00,/home,122.87
421,4258,2025-02-04T23:56:00,/product/1,164.84
252,4259,2025-01-20T13:50:00,/product/2,0
316,4260,2025-04-06T18:30:00,/home,56.89
34,4261,2025-03-26T03:58:00,/checkout,31.48
398,4262,2025-05-08T10:05:00,/checkout,0
311,4263,2025-02-10T17:45:00,/product/2,0
437,4264,2025-03-03T15:37:00,/product/1,0
415,4265,2025-03-24T09:02:00,/product/2,61.28
335,4266,2025-05-09T11:03:00,/cart,0
477,4267,2025-02-12T19:16:00,/product/2,0
108,4268,2025-02-13T19:33:00,/cart,0
80,4269,2025-01-07T16:46:00,/home,0
449,4270,2025-01-22T10:19:00,/product/1,0
230,4271,2025-01-23T22:58:00,/product/1,56.5
171,4272,2025-05-06T04:43:00,/product/2,0
368,4273,2025-03-29T16:07:00,/cart,0
477,4274,2025-04-28T07:02:00,/checkout,60.51
364,4275,2025-02-08T04:30:00,/cart,0
187,4276,2025-01-29T11:53:00,/cart,0
34,4277,2025-01-09T21:42:00,/home,160.73
200,4278,2025-02-03T23:06:00,/cart,0
495,4279,2025-03-14T08:39:00,/product/2,0
418,4280,2025-03-01T12:17:00,/cart,0
491,4281,2025-05-17T19:24:00,/checkout,36.79
446,4282,2025-01-30T21:18:00,/product/2,0
250,4283,2025-03-02T21:41:00,/product/1,0
72,4284,2025-02-13T16:40:00,/checkout,0
491,4285,2025-02-20T13:59:00,/product/1,83.57
395,4286,2025-01-02T16:18:00,/product/2,160.04
191,4287,2025-03-03T09:09:00,/home,0
396,4288,2025-04-02T05:14:00,/product/1,0
171,4289,2025-05-04T20:31:00,/checkout,0
201,4290,2025-04-07T06:04:00,/checkout,0
314,4291,2025-02-05T19:13:00,/cart,146.25
21,4292,2025-03-24T19:43:00,/checkout,0
276,4293,2025-05-18T14:01:00,/cart,0
171,4294,2025-01-04T06:16:00,/cart,0
495,4295,2025-01-12T10:22:00,/cart,83.45
238,4296,2025-04-21T19:42:00,/checkout,0
162,4297,2025-04-18T13:39:00,/product/1,0
154,4298,2025-04-29T16:52:00,/home,133.69
297,4299,2025-02-16T06:21:00,/cart,0
272,4300,2025-02-11T17:28:00,/home,0
421,4301,2025-03-23T18:48:00,/product/1,0
221,4302,2025-01-09T16:40:00,/home,54.73
417,4303,2025-04-10T11:53:00,/cart,0
445,4304,2025-05-14T09:26:00,/product/2,132.66
255,4305,2025-04-16T14:49:00,/product/1,0
283,4306,2025-02-22T08:21:00,/home,185.13
200,4307,2025-04-13T01:58:00,/product/2,0
336,4308,2025-02-06T10:56:00,/home,0
41,4309,2025-03-01T20:26:00,/product/1,4.14
67,4310,2025-05-17T10:13:00,/product/2,0
150,4311,2025-05-03T07:11:00,/product/2,0
464,4312,2025-03-19T15:11:00,/product/1,72.29
392,4313,2025-02-22T13:41:00,/product/2,138.31
328,4314,2025-01-13T11:40:00,/home,174.64
437,4315,2025-01-01T14:32:00,/product/1,0
395,4316,2025-05-19T01:42:00,/product/2,22.67
232,4317,2025-03-03T10:41:00,/home,0
428,4318,2025-04-08T07:40:00,/cart,0
247,4319,2025-05-02T14:31:00,/checkout,0
43,4320,2025-03-06T20:31:00,/home,0
199,4321,2025-02-04T11:03:00,/checkout,145.06
467,4322,2025-04-23T22:18:00,/home,32.46
176,4323,2025-01-30T04:32:00,/checkout,106.96
246,4324,2025-05-18T20:45:00,/product/2,0
437,4325,2025-03-12T20:46:00,/cart,0
263,4326,2025-03-15T06:22:00,/product/1,0
318,4327,2025-04-27T01:13:00,/cart,149.55
35,4328,2025-05-16T13:25:00,/product/1,186.76
400,4329,2025-03-31T23:57:00,/checkout,77.46
329,4330,2025-03-09T03:37:00,/product/1,7.28
97,4331,2025-01-01T16:15:00,/checkout,0
341,4332,2025-03-09T19:38:00,/product/2,0
429,4333,2025-01-02T08:29:00,/product/2,17.05
432,4334,2025-01-18T11:19:00,/checkout,0
393,4335,2025-01-22T04:58:00,/checkout,0
254,4336,2025-04-11T18:39:00,/checkout,68.14
320,4337,2025-01-06T21:54:00,/product/2,0
275,4338,2025-03-19T11:39:00,/product/2,0
55,4339,2025-01-10T23:55:00,/product/2,0
71,4340,2025-05-07T16:27:00,/product/2,199.86
144,4341,2025-03-03T21:13:00,/cart,195.03
187,4342,2025-01-14T16:10:00,/cart,0
154,4343,2025-03-16T01:38:00,/home,0
146,4344,2025-03-01T15:58:00,/product/1,173.9
477,4345,2025-04-06T13:33:00,/checkout,0
52,4346,2025-03-07T23:55:00,/home,0
136,4347,2025-03-02T18:19:00,/product/2,36.52
109,4348,2025-04-16T23:47:00,/home,0
142,4349,2025-02-26T16:54:00,/checkout,182.59
41,4350,2025-05-10T18:19:00,/checkout,174.06
280,4351,2025-02-24T02:30:00,/checkout,0
52,4352,2025-03-15T11:34:00,/home,0
450,4353,2025-03-18T11:45:00,/home,0
138,4354,2025-05-15T21:53:00,/home,0
49,4355,2025-04-18T02:20:00,/home,0
245,4356,2025-01-08T17:47:00,/cart,81.2
55,4357,2025-02-18T02:40:00,/product/1,0
288,4358,2025-02-15T01:40:00,/home,0
95,4359,2025-04-29T01:16:00,/checkout,20.77
416,4360,2025-01-04T01:35:00,/cart,0
363,4361,2025-01-24T01:23:00,/product/1,164.44
350,4362,2025-04-03T18:50:00,/product/1,1.06
268,4363,2025-02-19T18:07:00,/checkout,155.25
97,4364,2025-03-31T16:25:00,/checkout,0
221,4365,2025-02-08T09:54:00,/checkout,0
99,4366,2025-04-07T01:54:00,/product/2,0
208,4367,2025-04-18T13:06:00,/cart,57.53
128,4368,2025-04-23T05:01:00,/home,51.0
310,4369,2025-04-01T14:23:00,/home,81.11
98,4370,2025-05-16T22:45:00,/product/2,0
296,4371,2025-02-03T13:28:00,/checkout,0
344,4372,2025-02-15T06:56:00,/product/1,46.17
128,4373,2025-05-16T14:25:00,/home,136.81
69,4374,2025-02-09T17:02:00,/product/2,114.91
334,4375,2025-02-08T06:23:00,/home,2.75
55,4376,2025-03-04T03:24:00,/product/1,0
76,4377,2025-05-12T20:34:00,/home,65.02
211,4378,2025-03-10T22:40:00,/checkout,0
228,4379,2025-05-01T17:12:00,/product/1,29.18
200,4380,2025-03-06T07:03:00,/product/1,171.62
340,4381,2025-02-14T04:40:00,/cart,0
141,4382,2025-03-21T15:15:00,/home,0
222,4383,2025-03-26T09:25:00,/product/1,0
456,4384,2025-01-11T20:21:00,/cart,0
105,4385,2025-03-17T06:11:00,/home,28.14
144,4386,2025-02-02T05:35:00,/cart,94.65
391,4387,2025-04-07T09:49:00,/home,0
179,4388,2025-02-25T04:40:00,/product/1,0
353,4389,2025-02-20T04:10:00,/cart,53.93
246,4390,2025-02-10T03:39:00,/cart,3.43
121,4391,2025-04-28T11:00:00,/cart,0
486,4392,2025-04-11T10:37:00,/checkout,0
75,4393,2025-01-20T23:49:00,/product/2,104.41
354,4394,2025-01-18T23:48:00,/product/2,103.3
159,4395,2025-05-16T21:05:00,/cart,0
291,4396,2025-01-20T12:00:00,/product/1,50.42
126,4397,2025-05-18T22:36:00,/checkout,114.88
474,4398,2025-04-07T11:15:00,/product/1,0
271,4399,2025-01-01T14:43:00,/product/1,65.48
354,4400,2025-04-11T19:54:00,/cart,0
1,4401,2025-03-29T13:36:00,/product/1,0
376,4402,2025-02-25T18:24:00,/cart,0
412,4403,2025-02-19T12:07:00,/checkout,0
206,4404,2025-05-02T22:33:00,/checkout,0
183,4405,2025-01-18T11:49:00,/cart,0
101,4406,2025-02-14T13:54:00,/product/2,0
173,4407,2025-03-06T23:14:00,/cart,106.5
253,4408,2025-02-11T10:18:00,/cart,3.29
40,4409,2025-01-19T18:51:00,/checkout,46.26
444,4410,2025-01-08T23:42:00,/product/1,0
274,4411,2025-05-15T11:03:00,/home,0
500,4412,2025-04-10T20:43:00,/cart,44.15
110,4413,2025-02-09T18:30:00,/product/2,0
132,4414,2025-01-03T03:06:00,/checkout,0
144,4415,2025-04-28T01:23:00,/checkout,178.62
48,4416,2025-03-04T01:02:00,/product/1,0
48,4417,2025-02-15T13:39:00,/checkout,0
323,4418,2025-05-19T12:28:00,/product/1,0
353,4419,2025-02-20T10:35:00,/checkout,0
388,4420,2025-05-07T16:17:00,/home,97.91
111,4421,2025-03-16T23:13:00,/product/2,0
258,4422,2025-04-17T02:38:00,/product/1,55.53
219,4423,2025-05-07T18:31:00,/product/2,150.67
285,4424,2025-05-07T16:36:00,/product/1,0
50,4425,2025-04-25T04:18:00,/checkout,0
141,4426,2025-02-05T01:14:00,/product/1,46.84
24,4427,2025-05-14T08:04:00,/product/1,0
108,4428,2025-02-05T23:31:00,/product/1,0
32,4429,2025-05-01T10:50:00,/cart,0
69,4430,2025-01-06T17:35:00,/home,144.81
188,4431,2025-04-25T03:58:00,/product/2,86.36
353,4432,2025-01-12T12:25:00,/product/1,0
4,4433,2025-02-01T04:44:00,/product/2,0
90,4434,2025-05-05T14:21:00,/cart,0
392,4435,2025-01-29T16:16:00,/product/1,0
213,4436,2025-01-20T17:46:00,/cart,0
417,4437,2025-01-31T06:05:00,/product/2,142.74
453,4438,2025-05-04T06:28:00,/checkout,186.41
461,4439,2025-04-17T14:36:00,/product/2,31.48
305,4440,2025-04-08T00:02:00,/checkout,0
230,4441,2025-03-19T08:21:00,/product/1,0
407,4442,2025-03-23T00:33:00,/product/2,0
311,4443,2025-02-08T23:37:00,/home,0
152,4444,2025-03-10T08:41:00,/checkout,0
47,4445,2025-04-16T20:11:00,/home,25.36
28,4446,2025-02-11T19:44:00,/checkout,22.63
246,4447,2025-03-13T20:03:00,/checkout,163.34
28,4448,2025-04-05T06:58:00,/product/1,0
119,4449,2025-01-24T00:22:00,/product/1,101.68
311,4450,2025-04-09T23:19:00,/home,0
283,4451,2025-01-16T05:06:00,/product/2,0
48,4452,2025-02-17T06:27:00,/product/2,0
70,4453,2025-02-02T11:02:00,/home,0
436,4454,2025-02-07T08:58:00,/product/1,44.1
326,4455,2025-01-17T06:31:00,/checkout,0
227,4456,2025-01-14T00:06:00,/cart,109.35
378,4457,2025-05-19T09:06:00,/product/2,0
349,4458,2025-02-20T07:13:00,/product/2,0
392,4459,2025-01-03T02:22:00,/home,138.18
442,4460,2025-05-12T15:13:00,/home,0
85,4461,2025-05-18T21:49:00,/checkout,0
353,4462,2025-02-04T15:57:00,/cart,19.65
402,4463,2025-04-09T03:03:00,/product/2,0
323,4464,2025-05-17T06:07:00,/checkout,0
77,4465,2025-03-06T07:45:00,/product/2,0
59,4466,2025-04-02T18:05:00,/product/2,52.16
44,4467,2025-04-10T08:31:00,/product/1,0
296,4468,2025-04-09T07:21:00,/cart,0
268,4469,2025-01-14T22:41:00,/product/1,0
391,4470,2025-02-22T14:33:00,/checkout,0
22,4471,2025-02-27T04:23:00,/cart,0
260,4472,2025-03-21T03:11:00,/cart,0
307,4473,2025-01-09T21:26:00,/home,0
454,4474,2025-02-14T17:05:00,/cart,0
175,4475,2025-01-17T03:29:00,/product/2,55.02
77,4476,2025-03-15T18:16:00,/cart,0
121,4477,2025-03-17T04:18:00,/product/1,102.34
165,4478,2025-03-09T06:39:00,/home,0
421,4479,2025-01-31T23:46:00,/checkout,0
22,4480,2025-04-11T14:05:00,/home,0
28,4481,2025-03-16T01:02:00,/product/1,0
309,4482,2025-04-22T19:31:00,/checkout,0
182,4483,2025-01-04T02:14:00,/checkout,190.62
439,4484,2025-04-06T17:21:00,/product/1,0
32,4485,2025-02-18T18:04:00,/home,173.05
130,4486,2025-04-07T05:22:00,/home,183.05
379,4487,2025-01-01T21:43:00,/product/2,0
133,4488,2025-04-28T04:42:00,/product/1,0
243,4489,2025-04-01T17:44:00,/product/1,0
194,4490,2025-05-11T17:46:00,/product/1,0
33,4491,2025-03-14T18:21:00,/product/2,0
345,4492,2025-01-12T22:18:00,/product/1,0
317,4493,2025-05-04T09:48:00,/product/2,104.34
331,4494,2025-05-02T21:04:00,/product/2,0
82,4495,2025-01-04T18:28:00,/product/1,151.3
67,4496,2025-03-09T00:56:00,/checkout,0
54,4497,2025-02-26T08:35:00,/product/2,0
448,4498,2025-01-08T10:09:00,/cart,0
324,4499,2025-03-12T23:24:00,/product/1,0
385,4500,2025-03-10T00:34:00,/product/2,8.46
207,4501,2025-02-11T16:51:00,/product/2,0
350,4502,2025-02-04T00:49:00,/product/2,0
444,4503,2025-05-13T18:07:00,/home,0
241,4504,2025-03-10T16:19:00,/product/2,0
144,4505,2025-02-22T21:39:00,/checkout,0
418,4506,2025-04-07T13:09:00,/checkout,4.5
116,4507,2025-05-14T00:49:00,/home,0
285,4508,2025-05-07T23:00:00,/checkout,0
426,4509,2025-02-20T03:23:00,/product/2,26.85
313,4510,2025-05-07T22:04:00,/home,0
175,4511,2025-01-07T20:01:00,/product/2,0
30,4512,2025-02-23T01:02:00,/product/1,0
111,4513,2025-02-08T00:51:00,/product/2,0
270,4514,2025-02-16T21:58:00,/checkout,0
363,4515,2025-01-23T05:48:00,/cart,161.34
413,4516,2025-01-19T14:24:00,/home,0
308,4517,2025-03-24T18:48:00,/checkout,0
450,4518,2025-01-23T12:47:00,/checkout,0
500,4519,2025-02-06T03:46:00,/product/1,0
324,4520,2025-05-04T13:38:00,/product/1,0
69,4521,2025-03-15T17:26:00,/product/2,7.84
209,4522,2025-01-07T07:51:00,/home,183.63
314,4523,2025-05-19T14:24:00,/checkout,0
493,4524,2025-03-01T14:36:00,/cart,0
492,4525,2025-04-02T03:31:00,/cart,144.06
269,4526,2025-01-02T12:37:00,/home,41.74
14,4527,2025-01-06T08:26:00,/checkout,0
399,4528,2025-03-17T13:15:00,/home,0
429,4529,2025-04-19T17:11:00,/checkout,48.88
194,4530,2025-03-02T18:37:00,/cart,0
255,4531,2025-02-18T00:56:00,/product/2,119.21
492,4532,2025-05-12T22:36:00,/cart,176.46
349,4533,2025-02-08T21:40:00,/cart,0
406,4534,2025-03-04T22:47:00,/product/1,15.25
310,4535,2025-01-13T21:49:00,/home,127.86
295,4536,2025-02-22T05:12:00,/home,0
116,4537,2025-02-12T02:46:00,/cart,0
176,4538,2025-01-05T19:14:00,/checkout,0
209,4539,2025-02-05T10:40:00,/product/1,31.54
111,4540,2025-04-21T10:08:00,/checkout,0
38,4541,2025-02-13T17:11:00,/cart,0
173,4542,2025-03-18T03:26:00,/home,0
479,4543,2025-01-07T15:23:00,/product/2,0
275,4544,2025-03-16T03:17:00,/home,126.1
399,4545,2025-03-03T10:31:00,/product/1,0
203,4546,2025-03-20T00:53:00,/cart,148.75
266,4547,2025-05-07T06:45:00,/home,0
66,4548,2025-03-19T15:28:00,/home,188.77
448,4549,2025-01-11T01:59:00,/checkout,72.26
204,4550,2025-04-21T13:53:00,/home,152.55
198,4551,2025-01-29T00:48:00,/cart,0
482,4552,2025-05-16T15:39:00,/product/1,0
90,4553,2025-02-09T19:05:00,/product/2,71.16
419,4554,2025-03-20T05:47:00,/checkout,0
224,4555,2025-04-15T03:17:00,/home,0
434,4556,2025-03-30T08:10:00,/cart,128.83
74,4557,2025-04-24T01:58:00,/product/1,166.28
149,4558,2025-05-17T11:19:00,/home,0
156,4559,2025-04-11T22:46:00,/home,197.03
400,4560,2025-02-05T07:54:00,/product/2,0
245,4561,2025-05-02T10:38:00,/checkout,105.72
209,4562,2025-01-09T09:30:00,/product/1,0
192,4563,2025-04-22T20:49:00,/home,0
342,4564,2025-03-09T11:00:00,/cart,0
10,4565,2025-04-21T06:15:00,/home,0
290,4566,2025-04-16T17:44:00,/home,57.15
94,4567,2025-01-03T20:54:00,/cart,116.58
85,4568,2025-03-15T08:06:00,/checkout,124.76
321,4569,2025-03-18T14:13:00,/checkout,0
193,4570,2025-04-30T13:28:00,/product/2,128.35
389,4571,2025-04-20T06:47:00,/cart,0
268,4572,2025-02-23T19:16:00,/product/1,0
188,4573,2025-04-16T10:54:00,/cart,0
292,4574,2025-02-15T04:24:00,/product/1,0
53,4575,2025-02-23T14:17:00,/home,177.47
292,4576,2025-04-23T15:30:00,/product/1,178.11
56,4577,2025-02-03T16:04:00,/product/1,0
73,4578,2025-03-20T06:09:00,/cart,0
492,4579,2025-01-10T23:18:00,/cart,0
12,4580,2025-04-12T13:32:00,/cart,0
328,4581,2025-01-22T10:18:00,/cart,194.47
16,4582,2025-04-27T20:39:00,/cart,0
111,4583,2025-02-26T08:14:00,/checkout,144.88
267,4584,2025-04-21T10:50:00,/product/1,0
340,4585,2025-04-20T15:55:00,/product/2,0
461,4586,2025-04-05T16:49:00,/product/1,0
288,4587,2025-05-18T19:26:00,/home,196.19
424,4588,2025-01-01T13:25:00,/product/2,177.46
61,4589,2025-01-26T22:24:00,/checkout,0
175,4590,2025-01-06T10:48:00,/checkout,156.82
208,4591,2025-04-18T11:59:00,/product/2,0
76,4592,2025-03-21T00:48:00,/product/2,0
282,4593,2025-03-11T14:52:00,/checkout,0
209,4594,2025-04-25T18:03:00,/home,43.33
288,4595,2025-03-29T17:34:00,/cart,0
426,4596,2025-05-05T19:44:00,/product/1,161.45
161,4597,2025-04-15T00:57:00,/product/2,150.08
129,4598,2025-02-04T23:02:00,/product/2,0
77,4599,2025-02-13T19:12:00,/checkout,62.15
261,4600,2025-02-19T11:57:00,/home,166.51
85,4601,2025-03-29T02:14:00,/product/1,0
342,4602,2025-04-04T13:15:00,/cart,0
465,4603,2025-03-12T20:49:00,/home,23.36
391,4604,2025-03-12T11:38:00,/checkout,0
42,4605,2025-05-02T15:54:00,/product/1,66.97
497,4606,2025-01-05T15:20:00,/home,75.04
29,4607,2025-04-22T10:09:00,/product/2,0
323,4608,2025-04-21T09:59:00,/home,64.28
233,4609,2025-03-16T05:39:00,/product/1,104.36
447,4610,2025-04-17T00:49:00,/cart,0
322,4611,2025-01-27T03:36:00,/home,44.1
144,4612,2025-02-19T04:10:00,/home,88.13
307,4613,2025-02-21T05:53:00,/cart,0
366,4614,2025-03-23T17:49:00,/product/1,152.59
211,4615,2025-05-03T05:21:00,/product/1,0
177,4616,2025-01-04T13:01:00,/checkout,149.17
252,4617,2025-05-12T23:31:00,/cart,184.62
83,4618,2025-04-13T22:21:00,/checkout,0
399,4619,2025-02-17T23:26:00,/home,0
269,4620,2025-05-03T19:30:00,/checkout,0
497,4621,2025-02-05T13:08:00,/product/1,0
119,4622,2025-01-17T05:39:00,/product/1,62.84
367,4623,2025-02-01T04:11:00,/product/1,0
493,4624,2025-03-15T01:21:00,/home,0
475,4625,2025-01-15T09:48:00,/cart,0
435,4626,2025-01-30T21:43:00,/home,0
84,4627,2025-01-01T02:01:00,/cart,0
385,4628,2025-03-18T19:18:00,/product/1,195.91
163,4629,2025-01-25T02:16:00,/cart,0
294,4630,2025-03-04T19:10:00,/cart,0
112,4631,2025-03-23T11:06:00,/home,109.04
158,4632,2025-02-18T04:02:00,/checkout,0
493,4633,2025-01-31T17:02:00,/checkout,0
73,4634,2025-03-14T00:21:00,/product/2,0
499,4635,2025-01-18T04:56:00,/cart,0
28,4636,2025-02-13T01:19:00,/cart,0
129,4637,2025-01-19T11:57:00,/cart,0
56,4638,2025-01-26T19:25:00,/cart,99.93
263,4639,2025-02-01T00:07:00,/product/1,0
427,4640,2025-01-30T09:30:00,/home,178.85
302,4641,2025-04-08T14:53:00,/product/1,0
100,4642,2025-02-17T12:45:00,/checkout,83.97
294,4643,2025-04-10T10:03:00,/product/2,98.26
375,4644,2025-05-06T00:35:00,/checkout,0
389,4645,2025-03-19T13:18:00,/product/1,107.87
449,4646,2025-01-21T22:22:00,/checkout,0
349,4647,2025-02-27T23:17:00,/cart,0
118,4648,2025-04-15T04:57:00,/cart,4.58
403,4649,2025-05-08T22:39:00,/checkout,0
326,4650,2025-03-20T00:58:00,/cart,0
61,4651,2025-03-24T13:41:00,/cart,80.53
481,4652,2025-04-01T09:05:00,/product/1,103.66
414,4653,2025-01-27T16:15:00,/home,0
2,4654,2025-03-10T11:16:00,/checkout,0
338,4655,2025-02-01T02:50:00,/product/1,0
179,4656,2025-03-01T16:34:00,/product/1,0
202,4657,2025-05-04T13:29:00,/product/2,0
172,4658,2025-04-09T03:15:00,/cart,137.35
208,4659,2025-04-14T15:53:00,/product/1,104.57
395,4660,2025-02-01T17:09:00,/home,27.75
291,4661,2025-03-14T10:35:00,/cart,190.98
286,4662,2025-04-18T12:30:00,/checkout,53.7
221,4663,2025-04-24T11:50:00,/checkout,0
402,4664,2025-04-10T12:40:00,/home,25.37
471,4665,2025-01-07T21:05:00,/product/2,190.28
355,4666,2025-05-13T19:49:00,/product/1,0
278,4667,2025-03-20T20:27:00,/checkout,50.15
497,4668,2025-02-23T03:11:00,/product/1,0
311,4669,2025-03-03T11:31:00,/checkout,0
323,4670,2025-01-13T00:26:00,/home,0
232,4671,2025-04-24T23:19:00,/checkout,0
493,4672,2025-05-17T17:55:00,/home,0
226,4673,2025-01-17T16:29:00,/product/2,47.06
279,4674,2025-03-15T02:51:00,/cart,0
101,4675,2025-04-09T04:06:00,/product/1,0
316,4676,2025-03-24T06:50:00,/product/2,0
40,4677,2025-04-22T18:42:00,/home,132.74
237,4678,2025-04-01T02:14:00,/checkout,0
197,4679,2025-04-09T15:55:00,/product/1,114.92
224,4680,2025-04-03T01:53:00,/cart,30.78
428,4681,2025-01-24T13:44:00,/product/2,0
101,4682,2025-03-31T21:54:00,/home,106.43
349,4683,2025-04-06T11:04:00,/home,0
96,4684,2025-05-05T05:11:00,/product/1,0
357,4685,2025-02-19T00:42:00,/home,0
445,4686,2025-03-07T14:25:00,/cart,0
318,4687,2025-03-02T09:59:00,/cart,0
16,4688,2025-05-03T12:25:00,/home,0
461,4689,2025-04-09T15:01:00,/product/1,68.53
192,4690,2025-02-18T20:19:00,/product/2,0
269,4691,2025-03-13T13:48:00,/cart,0
101,4692,2025-01-26T13:13:00,/product/2,122.28
96,4693,2025-04-27T04:46:00,/product/1,0
69,4694,2025-05-05T10:22:00,/checkout,169.35
405,4695,2025-03-13T05:59:00,/product/1,38.91
492,4696,2025-04-15T05:42:00,/home,0
85,4697,2025-02-17T11:08:00,/home,0
469,4698,2025-03-01T16:31:00,/product/1,0
173,4699,2025-05-12T12:18:00,/cart,0
484,4700,2025-03-04T12:07:00,/cart,0
295,4701,2025-02-01T06:51:00,/cart,44.33
356,4702,2025-02-10T11:06:00,/product/2,0
401,4703,2025-05-05T23:05:00,/product/2,0
441,4704,2025-04-02T20:06:00,/home,0
201,4705,2025-03-09T05:11:00,/product/2,0
331,4706,2025-03-31T03:14:00,/checkout,0
198,4707,2025-04-12T16:55:00,/product/2,0
165,4708,2025-05-18T14:57:00,/cart,57.46
134,4709,2025-02-10T19:34:00,/home,0
322,4710,2025-04-24T10:42:00,/home,178.77
423,4711,2025-04-16T00:47:00,/home,22.64
247,4712,2025-04-20T01:04:00,/cart,0
102,4713,2025-04-05T22:39:00,/product/2,0
138,4714,2025-01-07T20:40:00,/home,42.04
158,4715,2025-01-17T01:23:00,/product/2,0
56,4716,2025-03-01T11:40:00,/product/2,0
111,4717,2025-05-13T16:45:00,/product/1,0
454,4718,2025-02-09T01:01:00,/cart,0
434,4719,2025-04-06T11:41:00,/home,0
219,4720,2025-03-23T10:24:00,/product/2,0
492,4721,2025-04-24T00:11:00,/product/2,29.94
443,4722,2025-04-28T02:40:00,/home,0
395,4723,2025-01-16T20:42:00,/home,35.46
197,4724,2025-04-23T02:06:00,/checkout,24.4
303,4725,2025-04-06T08:10:00,/cart,0
310,4726,2025-05-14T08:20:00,/product/1,1.35
185,4727,2025-01-24T14:59:00,/product/1,105.36
439,4728,2025-03-05T09:49:00,/cart,0
71,4729,2025-03-02T05:41:00,/checkout,161.88
220,4730,2025-03-17T17:53:00,/home,172.81
299,4731,2025-04-03T04:40:00,/cart,89.96
227,4732,2025-02-20T21:19:00,/product/2,27.64
362,4733,2025-03-03T12:15:00,/checkout,0
380,4734,2025-05-02T20:16:00,/product/2,0
174,4735,2025-05-14T10:02:00,/checkout,0
187,4736,2025-02-27T18:25:00,/checkout,0
258,4737,2025-01-24T11:09:00,/product/2,182.1
496,4738,2025-01-16T02:32:00,/cart,5.08
478,4739,2025-01-02T03:20:00,/home,0
411,4740,2025-02-25T20:36:00,/product/2,0
301,4741,2025-04-28T20:16:00,/product/1,0
122,4742,2025-01-24T20:54:00,/home,173.7
36,4743,2025-02-07T22:16:00,/home,0
247,4744,2025-01-07T03:37:00,/checkout,0
325,4745,2025-03-19T11:50:00,/checkout,136.4
146,4746,2025-02-25T04:58:00,/product/2,104.96
197,4747,2025-03-12T05:41:00,/checkout,0
367,4748,2025-03-31T07:35:00,/product/1,0
436,4749,2025-05-06T16:13:00,/product/1,0
461,4750,2025-04-27T00:30:00,/cart,58.53
212,4751,2025-01-28T06:04:00,/home,0
434,4752,2025-04-04T19:26:00,/product/1,57.58
487,4753,2025-01-13T16:03:00,/checkout,0
417,4754,2025-02-01T11:17:00,/checkout,21.17
69,4755,2025-02-04T15:58:00,/home,0
311,4756,2025-01-27T01:42:00,/home,0
320,4757,2025-01-17T20:35:00,/home,0
5,4758,2025-01-17T08:33:00,/checkout,0
135,4759,2025-03-31T02:49:00,/product/1,0
284,4760,2025-03-26T07:41:00,/product/2,0
85,4761,2025-03-27T20:43:00,/cart,0
45,4762,2025-05-02T02:06:00,/cart,0
93,4763,2025-03-05T17:33:00,/cart,0
134,4764,2025-05-16T22:56:00,/product/2,0
137,4765,2025-03-30T01:54:00,/product/1,0
442,4766,2025-04-14T23:41:00,/home,0
317,4767,2025-01-17T10:14:00,/checkout,170.98
380,4768,2025-03-24T13:41:00,/cart,110.76
374,4769,2025-01-19T14:44:00,/cart,0
445,4770,2025-02-03T01:39:00,/cart,129.08
90,4771,2025-01-12T12:39:00,/cart,0
102,4772,2025-03-22T15:03:00,/product/1,131.08
495,4773,2025-02-03T21:17:00,/home,0
89,4774,2025-01-29T06:02:00,/checkout,181.93
110,4775,2025-05-15T21:27:00,/cart,191.07
376,4776,2025-03-19T18:01:00,/product/2,0
300,4777,2025-01-14T17:15:00,/product/2,0
282,4778,2025-01-27T04:35:00,/product/1,65.02
187,4779,2025-05-08T21:08:00,/product/1,171.14
277,4780,2025-02-06T23:44:00,/product/2,0
158,4781,2025-02-18T13:34:00,/cart,0
372,4782,2025-04-28T08:19:00,/cart,176.5
113,4783,2025-01-30T09:52:00,/cart,0
483,4784,2025-01-04T13:27:00,/checkout,0
444,4785,2025-02-16T05:17:00,/checkout,154.99
313,4786,2025-05-11T06:01:00,/home,0
229,4787,2025-04-20T21:12:00,/checkout,0
96,4788,2025-04-14T22:55:00,/product/1,0
83,4789,2025-01-11T02:12:00,/product/2,0
462,4790,2025-04-19T11:30:00,/cart,182.13
369,4791,2025-01-21T11:34:00,/product/1,0
459,4792,2025-03-01T12:08:00,/product/1,0
286,4793,2025-04-05T11:18:00,/product/1,0
15,4794,2025-05-03T22:05:00,/home,0
187,4795,2025-03-14T07:05:00,/home,0
89,4796,2025-01-07T20:31:00,/home,0
284,4797,2025-03-31T00:14:00,/checkout,137.2
239,4798,2025-04-05T09:54:00,/checkout,0
292,4799,2025-03-21T19:16:00,/product/2,0
355,4800,2025-05-15T17:01:00,/product/2,0
183,4801,2025-02-03T14:46:00,/product/1,0
202,4802,2025-01-12T01:59:00,/home,0
143,4803,2025-02-24T23:54:00,/product/1,129.08
418,4804,2025-04-15T06:00:00,/checkout,0
236,4805,2025-01-13T02:08:00,/product/2,32.6
108,4806,2025-05-13T12:29:00,/checkout,173.52
12,4807,2025-01-28T03:55:00,/checkout,0
475,4808,2025-05-13T20:23:00,/checkout,132.8
48,4809,2025-02-25T02:54:00,/product/1,0
335,4810,2025-05-14T18:55:00,/checkout,0
314,4811,2025-02-05T17:47:00,/home,0
241,4812,2025-01-16T01:05:00,/product/1,0
256,4813,2025-01-17T22:00:00,/checkout,29.04
25,4814,2025-04-26T06:53:00,/product/1,23.11
81,4815,2025-01-22T11:53:00,/cart,0
386,4816,2025-05-01T04:22:00,/product/1,0
311,4817,2025-05-16T19:24:00,/home,0
196,4818,2025-03-15T07:24:00,/home,0
93,4819,2025-01-08T14:51:00,/home,0
17,4820,2025-03-23T06:44:00,/product/1,132.34
474,4821,2025-04-07T07:54:00,/cart,39.59
319,4822,2025-05-16T22:42:00,/product/1,0
293,4823,2025-02-05T00:48:00,/cart,0
107,4824,2025-04-08T14:28:00,/home,0
234,4825,2025-04-29T10:37:00,/product/2,20.73
392,4826,2025-02-21T08:16:00,/product/1,0
146,4827,2025-01-05T03:13:00,/checkout,0
321,4828,2025-04-06T12:57:00,/product/1,171.97
296,4829,2025-05-02T01:05:00,/product/2,30.03
147,4830,2025-03-10T08:55:00,/product/1,0
422,4831,2025-04-18T15:52:00,/product/1,73.35
496,4832,2025-03-05T17:03:00,/cart,13.2
380,4833,2025-05-14T23:33:00,/home,42.92
342,4834,2025-04-14T13:25:00,/checkout,0
399,4835,2025-05-07T10:34:00,/checkout,0
9,4836,2025-01-18T16:32:00,/product/1,23.73
142,4837,2025-02-04T17:25:00,/cart,109.94
277,4838,2025-03-08T18:05:00,/cart,0
474,4839,2025-01-24T17:26:00,/product/1,51.87
39,4840,2025-05-16T04:40:00,/product/1,0
247,4841,2025-01-10T19:07:00,/cart,0
315,4842,2025-01-30T11:35:00,/cart,0
254,4843,2025-02-20T14:17:00,/home,0
318,4844,2025-01-12T04:46:00,/cart,192.8
221,4845,2025-03-19T14:05:00,/checkout,0
117,4846,2025-01-24T15:55:00,/product/1,106.21
484,4847,2025-01-20T11:39:00,/product/2,0
488,4848,2025-01-29T20:55:00,/home,0
364,4849,2025-02-21T23:10:00,/home,0
64,4850,2025-01-04T01:39:00,/checkout,0
464,4851,2025-03-15T19:49:00,/cart,0
394,4852,2025-04-27T11:29:00,/cart,0
458,4853,2025-02-26T02:48:00,/checkout,0
227,4854,2025-04-18T10:17:00,/product/2,0
218,4855,2025-02-01T09:35:00,/product/1,0
431,4856,2025-01-20T08:58:00,/product/1,50.22
223,4857,2025-01-01T11:56:00,/home,0
31,4858,2025-01-22T13:46:00,/checkout,0
107,4859,2025-01-05T20:24:00,/cart,0
52,4860,2025-03-23T19:08:00,/cart,0
483,4861,2025-01-17T09:07:00,/cart,0
265,4862,2025-01-08T18:13:00,/checkout,0
50,4863,2025-05-13T07:16:00,/product/2,0
76,4864,2025-04-18T21:45:00,/home,21.64
176,4865,2025-05-09T05:09:00,/home,0
101,4866,2025-04-03T13:04:00,/home,0
53,4867,2025-02-14T20:59:00,/home,0
118,4868,2025-03-02T11:08:00,/home,162.6
148,4869,2025-03-07T17:45:00,/checkout,98.41
103,4870,2025-03-14T22:19:00,/product/1,0
101,4871,2025-01-05T12:18:00,/home,0
94,4872,2025-03-05T12:30:00,/checkout,135.27
229,4873,2025-03-19T12:49:00,/cart,0
255,4874,2025-01-06T09:41:00,/product/1,0
3,4875,2025-03-02T18:13:00,/product/1,160.73
398,4876,2025-02-06T11:24:00,/checkout,0
422,4877,2025-03-22T00:06:00,/product/2,177.93
224,4878,2025-01-28T02:36:00,/home,0
33,4879,2025-04-06T12:04:00,/product/1,139.9
244,4880,2025-01-04T10:55:00,/home,0
137,4881,2025-03-15T08:39:00,/cart,0
160,4882,2025-03-02T03:14:00,/checkout,0
35,4883,2025-01-22T04:54:00,/home,0
249,4884,2025-05-02T08:08:00,/cart,0
130,4885,2025-01-07T19:11:00,/home,52.54
121,4886,2025-04-10T00:14:00,/checkout,0
367,4887,2025-04-13T11:26:00,/product/2,0
162,4888,2025-02-15T09:10:00,/home,0
89,4889,2025-01-08T16:47:00,/product/2,0
257,4890,2025-01-07T21:34:00,/checkout,0
426,4891,2025-04-19T20:24:00,/cart,79.0
311,4892,2025-04-07T08:03:00,/cart,0
332,4893,2025-01-12T20:30:00,/product/1,0
225,4894,2025-05-05T17:29:00,/home,76.44
285,4895,2025-05-17T12:23:00,/product/2,0
465,4896,2025-03-11T13:00:00,/home,0
249,4897,2025-02-22T04:24:00,/home,0
293,4898,2025-02-18T10:55:00,/product/1,0
90,4899,2025-05-19T18:04:00,/product/2,0
108,4900,2025-05-15T03:51:00,/checkout,0
305,4901,2025-02-22T15:07:00,/checkout,0
59,4902,2025-04-22T03:31:00,/cart,13.4
422,4903,2025-02-18T01:55:00,/product/1,169.62
490,4904,2025-05-01T04:59:00,/product/1,0
240,4905,2025-01-10T06:44:00,/checkout,0
463,4906,2025-04-09T09:42:00,/product/1,0
211,4907,2025-01-10T23:57:00,/product/1,0
338,4908,2025-01-05T23:50:00,/product/2,0
477,4909,2025-04-10T08:24:00,/home,0
351,4910,2025-05-08T18:17:00,/checkout,0
305,4911,2025-04-02T20:00:00,/checkout,0
76,4912,2025-01-21T09:08:00,/home,192.5
375,4913,2025-04-08T20:22:00,/checkout,0
494,4914,2025-02-22T18:00:00,/checkout,0
421,4915,2025-01-13T20:29:00,/checkout,178.83
156,4916,2025-04-08T09:54:00,/product/1,0
62,4917,2025-03-24T03:43:00,/product/2,0
378,4918,2025-02-12T10:35:00,/checkout,194.5
192,4919,2025-03-21T16:11:00,/home,0
32,4920,2025-01-05T16:15:00,/product/2,0
215,4921,2025-03-28T08:16:00,/product/2,0
48,4922,2025-02-02T17:41:00,/product/1,0
44,4923,2025-02-24T12:46:00,/checkout,0
392,4924,2025-04-28T22:56:00,/home,102.18
256,4925,2025-05-03T18:14:00,/checkout,0
85,4926,2025-04-20T05:00:00,/cart,0
259,4927,2025-01-28T09:16:00,/cart,78.42
483,4928,2025-05-03T00:28:00,/cart,0
26,4929,2025-02-18T15:07:00,/home,0
118,4930,2025-05-10T20:48:00,/home,0
405,4931,2025-01-17T02:23:00,/checkout,0
182,4932,2025-03-19T18:14:00,/home,0
283,4933,2025-04-27T22:22:00,/product/1,0
146,4934,2025-05-03T17:35:00,/checkout,0
171,4935,2025-05-12T14:14:00,/cart,0
399,4936,2025-03-25T18:49:00,/checkout,160.96
344,4937,2025-04-27T17:20:00,/cart,0
328,4938,2025-01-09T05:20:00,/checkout,140.4
145,4939,2025-04-22T00:21:00,/cart,0
128,4940,2025-05-12T03:16:00,/product/2,85.86
137,4941,2025-03-24T11:26:00,/checkout,0
34,4942,2025-03-22T19:37:00,/home,0
174,4943,2025-01-19T14:33:00,/cart,0
478,4944,2025-03-06T17:30:00,/checkout,165.1
209,4945,2025-02-20T02:26:00,/checkout,0
1,4946,2025-04-02T11:35:00,/checkout,155.73
137,4947,2025-04-08T07:47:00,/cart,0
257,4948,2025-02-11T11:56:00,/checkout,0
224,4949,2025-01-26T00:34:00,/product/2,0
78,4950,2025-05-18T01:26:00,/checkout,0
295,4951,2025-01-13T09:45:00,/cart,0
427,4952,2025-01-12T13:02:00,/home,0
110,4953,2025-01-21T13:28:00,/checkout,198.84
128,4954,2025-03-07T03:01:00,/checkout,0
84,4955,2025-02-07T05:47:00,/cart,0
110,4956,2025-03-28T11:47:00,/cart,68.35
128,4957,2025-01-08T23:19:00,/product/2,0
262,4958,2025-01-18T04:25:00,/cart,0
425,4959,2025-05-08T11:47:00,/home,72.06
490,4960,2025-02-20T16:25:00,/product/2,0
135,4961,2025-01-23T16:15:00,/checkout,0
163,4962,2025-04-29T09:08:00,/home,139.4
141,4963,2025-01-06T03:26:00,/checkout,0
433,4964,2025-01-12T12:02:00,/cart,96.85
467,4965,2025-05-17T01:58:00,/home,25.36
133,4966,2025-04-19T05:36:00,/checkout,0
280,4967,2025-04-25T18:38:00,/home,0
490,4968,2025-05-13T19:10:00,/home,92.35
283,4969,2025-01-27T11:31:00,/home,0
227,4970,2025-02-19T07:26:00,/cart,0
54,4971,2025-02-11T05:28:00,/product/2,0
471,4972,2025-03-13T19:40:00,/cart,109.18
316,4973,2025-05-01T17:25:00,/checkout,0
469,4974,2025-02-15T07:47:00,/checkout,0
317,4975,2025-04-11T01:01:00,/cart,0
260,4976,2025-03-11T09:19:00,/checkout,0
457,4977,2025-01-17T10:30:00,/product/2,0
134,4978,2025-02-27T01:56:00,/home,0
315,4979,2025-01-25T12:48:00,/checkout,0
30,4980,2025-05-06T03:31:00,/cart,49.28
476,4981,2025-03-11T10:45:00,/home,0
37,4982,2025-03-28T09:02:00,/home,0
373,4983,2025-01-12T06:18:00,/product/1,107.56
395,4984,2025-04-12T01:52:00,/cart,0
161,4985,2025-02-15T05:56:00,/cart,129.52
52,4986,2025-04-04T16:37:00,/checkout,0
191,4987,2025-04-20T03:13:00,/home,0
4,4988,2025-01-09T22:44:00,/home,0
334,4989,2025-04-15T04:51:00,/product/2,59.74
498,4990,2025-04-16T15:38:00,/product/2,0
151,4991,2025-03-10T12:14:00,/cart,0
141,4992,2025-05-15T19:33:00,/checkout,0
221,4993,2025-04-01T13:37:00,/cart,0
405,4994,2025-03-21T08:03:00,/product/2,0
420,4995,2025-02-26T13:39:00,/product/2,0
187,4996,2025-03-31T04:58:00,/cart,0
457,4997,2025-01-06T07:30:00,/checkout,0
488,4998,2025-02-26T03:57:00,/product/2,38.46
260,4999,2025-04-21T19:03:00,/home,0
